patient,chr,start,end,type
CONTROL1,5,75230547,75596850,LOH
CONTROL1,5,33707135,34231788,LOH
CONTROL1,19,2876001,3832189,Gain
CONTROL1,1,13255535,13921869,Gain
CONTROL1,16,76410256,76461754,LOH
CONTROL1,2,224005750,224280031,LOH
CONTROL1,10,120014626,120554620,Loss
CONTROL1,Y,8932485,9400301,LOH
CONTROL1,12,31426489,31997689,Loss
CONTROL1,3,146951986,147008338,Gain
CONTROL1,13,6186021,7155111,LOH
CONTROL1,6,132695787,132784957,LOH
CONTROL1,6,95846197,96702497,LOH
CONTROL1,15,78409613,78660384,Gain
CONTROL1,11,8897090,9748451,LOH
CONTROL1,21,38128962,38412272,Gain
CONTROL1,3,196215316,196551890,LOH
CONTROL1,7,52585946,52667152,Loss
CONTROL1,16,72632071,72711423,LOH
CONTROL1,22,16803466,17251418,LOH
CONTROL1,15,62461359,62992950,Gain
CONTROL1,22,42399587,43062066,LOH
CONTROL1,1,134538729,134906472,Gain
CONTROL1,11,2409982,2915329,Loss
CONTROL1,X,56688263,57472183,Loss
CONTROL1,11,37708921,38214339,Gain
CONTROL1,16,63077479,63420455,Loss
CONTROL1,6,121566452,122438235,LOH
CONTROL1,17,44408518,45316351,LOH
CONTROL1,3,161067862,161709067,LOH
CONTROL1,Y,52014678,52163996,Gain
CONTROL1,15,61098325,61992775,Gain
CONTROL1,7,149752573,150337361,Loss
CONTROL1,11,93681677,93818669,LOH
CONTROL1,X,116207340,116225595,LOH
CONTROL1,17,28208267,28547145,Gain
CONTROL1,22,11672321,12278379,Loss
CONTROL1,21,45320716,45738773,Gain
CONTROL1,12,87010963,87174556,Loss
CONTROL1,8,139545486,140296225,Loss
CONTROL1,19,46654519,47115337,Gain
CONTROL1,2,190518727,190792180,Gain
CONTROL1,11,12577629,13539745,Gain
CONTROL1,14,43247475,43283366,Gain
CONTROL1,1,91522010,91808313,LOH
CONTROL1,1,180304056,180399425,Loss
CONTROL1,3,31108984,31441970,LOH
CONTROL1,16,70123360,70311910,Gain
CONTROL1,15,71163286,71266839,Loss
CONTROL1,7,74369151,74513971,Gain
CONTROL1,7,115231411,115501808,LOH
CONTROL1,8,25947370,26539857,Loss
CONTROL1,14,17225959,17538215,Loss
CONTROL1,7,127020613,127413453,LOH
CONTROL1,22,10315029,10984142,Gain
CONTROL1,10,81523542,82158543,Loss
CONTROL1,17,32581247,32957407,Loss
CONTROL1,5,144013885,144226680,Gain
CONTROL1,9,139130778,139185023,LOH
CONTROL1,19,21801923,22716289,Gain
CONTROL1,X,7943232,8931190,LOH
CONTROL1,19,23678409,24169600,Loss
CONTROL1,10,59561613,59691390,Loss
CONTROL1,17,13039386,13068154,LOH
CONTROL1,5,94542822,95334450,LOH
CONTROL1,3,63961952,64805634,Gain
CONTROL1,20,21980033,22429256,Gain
CONTROL1,3,126044555,126470006,LOH
CONTROL1,11,6911127,7198285,Gain
CONTROL1,12,129023336,129930377,Loss
CONTROL1,4,85668532,86173607,Loss
CONTROL1,4,50715106,51084516,Loss
CONTROL1,15,5131009,5834935,Gain
CONTROL1,3,178244337,178739830,Gain
CONTROL1,22,34176347,34485234,Loss
CONTROL1,8,18454017,18736408,Loss
CONTROL1,7,80645438,81341569,Loss
CONTROL1,19,19495038,20178013,LOH
CONTROL1,11,26740402,27292938,LOH
CONTROL1,2,241863693,242751149,Loss
CONTROL1,18,19791708,19869738,LOH
CONTROL1,21,770114,1134933,LOH
CONTROL1,13,43732216,44013871,LOH
CONTROL1,14,91595577,92428860,Loss
CONTROL1,2,72276273,72616843,LOH
CONTROL1,Y,19766403,20040987,Loss
CONTROL1,22,14274021,15018829,Loss
CONTROL1,15,32318920,32424760,Loss
CONTROL1,1,17837826,18707437,LOH
CONTROL1,20,19181474,19562620,Loss
CONTROL1,Y,33005514,33682335,Loss
CONTROL1,3,167270826,167306356,Gain
CONTROL1,Y,13807479,14356423,Gain
CONTROL1,X,151570253,152128554,Gain
CONTROL1,14,101675457,102565066,Gain
CONTROL1,12,28119325,28910542,LOH
CONTROL1,8,876616,1680875,LOH
CONTROL1,13,21047693,21837635,Gain
CONTROL1,13,48641458,49297752,Loss
CONTROL1,18,15676189,16265708,LOH
CONTROL1,18,47462416,48221229,Gain
CONTROL2,5,26538430,27362515,LOH
CONTROL2,3,75434530,75996280,LOH
CONTROL2,X,116676023,117416974,LOH
CONTROL2,9,119528219,120152986,Gain
CONTROL2,10,76449075,76584134,Gain
CONTROL2,2,39660881,39948195,Gain
CONTROL2,22,8285588,9072176,Gain
CONTROL2,3,115939496,116882094,Gain
CONTROL2,21,23417373,23435349,Gain
CONTROL2,17,43951111,44190763,Gain
CONTROL2,15,40772217,41543634,LOH
CONTROL2,16,12961356,13006118,Loss
CONTROL2,11,56145493,56209835,Loss
CONTROL2,16,55034294,55782011,Gain
CONTROL2,14,16239702,16461557,Loss
CONTROL2,1,90391125,91382634,LOH
CONTROL2,20,59201321,60060896,Loss
CONTROL2,21,23005434,23599753,Gain
CONTROL2,15,39232831,39617399,Gain
CONTROL2,16,32527519,32788184,Loss
CONTROL2,15,18463918,19314314,LOH
CONTROL2,20,829643,1184193,Gain
CONTROL2,21,27791420,28642560,Gain
CONTROL2,5,62942826,63748487,LOH
CONTROL2,9,114677495,115087175,LOH
CONTROL2,16,87124610,87276028,LOH
CONTROL2,2,232648481,233629272,Gain
CONTROL2,3,123424736,124363590,Loss
CONTROL2,8,94067242,94265621,Gain
CONTROL2,15,23265273,23351645,LOH
CONTROL2,11,44177867,44286985,Gain
CONTROL2,11,81944028,82253742,Loss
CONTROL2,X,60786527,61493555,Gain
CONTROL2,2,127383701,127703383,LOH
CONTROL2,6,75690211,76230481,LOH
CONTROL2,22,26978635,27206308,Gain
CONTROL2,15,38185308,38449113,Loss
CONTROL2,10,69334557,69492508,Gain
CONTROL2,18,68591918,68668540,Loss
CONTROL2,17,30294366,31257616,Gain
CONTROL2,12,38683548,39205706,Loss
CONTROL2,12,94079601,94406954,Gain
CONTROL2,5,38551862,38712406,Gain
CONTROL2,6,40201287,41001283,LOH
CONTROL2,19,62203875,62253974,LOH
CONTROL2,9,6502650,7150745,Loss
CONTROL2,18,41871121,42199652,Gain
CONTROL2,15,12376075,12503425,Gain
CONTROL2,1,207843965,208753155,Loss
CONTROL2,6,106742822,106874365,Gain
CONTROL2,21,2017095,2465178,Loss
CONTROL2,14,23354051,23673421,Loss
CONTROL2,15,37136397,37460960,Gain
CONTROL2,1,141221367,142071452,Loss
CONTROL2,17,53251027,53760356,Gain
CONTROL2,15,32856995,33621592,Gain
CONTROL2,5,119134725,119850942,Gain
CONTROL2,3,92515954,93114519,Gain
CONTROL2,22,13924717,14381109,LOH
CONTROL2,11,97248607,97806721,Gain
CONTROL2,9,97130451,97229103,Loss
CONTROL2,3,65613575,66601089,Gain
CONTROL2,16,58458165,59154307,Gain
CONTROL2,16,37816341,38461457,LOH
CONTROL2,17,46939993,47611624,LOH
CONTROL2,17,6649131,6932109,Loss
CONTROL2,15,98928997,99026130,Loss
CONTROL2,2,206528774,207473219,Loss
CONTROL2,17,13762127,14580341,LOH
CONTROL2,Y,50971681,51207749,LOH
CONTROL2,12,50124482,50739463,Loss
CONTROL2,5,133142608,133168999,Loss
CONTROL2,15,99307850,99371743,Gain
CONTROL2,8,9139419,9614858,Gain
CONTROL2,20,36783207,37359137,Gain
CONTROL2,12,123998826,124656948,Loss
CONTROL2,7,156632496,156755820,Loss
CONTROL2,1,37699492,38488684,Loss
CONTROL2,3,145528327,145966370,Loss
CONTROL2,21,22857698,22886383,LOH
CONTROL2,2,155063323,155585250,Gain
CONTROL2,16,32579830,33572708,Loss
CONTROL2,14,17674674,18486190,LOH
CONTROL2,22,20496681,20536578,LOH
CONTROL2,22,23341654,24079262,Loss
CONTROL2,21,1425100,1727651,LOH
CONTROL2,21,34230206,34836140,Gain
CONTROL2,14,55450563,56394670,Loss
CONTROL2,12,110140782,110217489,Loss
CONTROL2,7,32212715,32380771,Loss
CONTROL2,19,42830111,43580592,Loss
CONTROL2,3,2964669,3335767,Gain
CONTROL2,11,48799082,49312115,Loss
CONTROL2,14,17841197,18422433,LOH
CONTROL2,1,169589838,169905345,Loss
CONTROL2,6,8166571,8969630,LOH
CONTROL2,3,85528627,86009230,Gain
CONTROL2,7,43359216,43439004,Loss
CONTROL2,19,27025426,27522760,Gain
CONTROL2,22,28275005,28883815,Loss
CONTROL2,X,103430087,103538599,LOH
CONTROL3,18,37534817,37741351,LOH
CONTROL3,Y,42280319,43111158,LOH
CONTROL3,4,21464450,21945112,Gain
CONTROL3,17,38920892,39231906,LOH
CONTROL3,12,6313867,6988599,Gain
CONTROL3,15,36047999,36677883,Loss
CONTROL3,Y,41752423,41988604,LOH
CONTROL3,13,93380830,93433291,Loss
CONTROL3,2,97165816,97204962,Loss
CONTROL3,18,7494652,7892770,Loss
CONTROL3,2,50206880,50876834,Loss
CONTROL3,14,74970811,75761484,LOH
CONTROL3,2,18727290,19329600,Loss
CONTROL3,14,97287165,97513066,LOH
CONTROL3,17,34933159,35625127,Gain
CONTROL3,18,11773035,12710485,Gain
CONTROL3,5,94386757,95050285,Gain
CONTROL3,2,89863924,90423347,Gain
CONTROL3,16,36548711,37016608,Gain
CONTROL3,20,26424204,27111930,Gain
CONTROL3,14,62155886,62759302,LOH
CONTROL3,8,8380764,8554842,Gain
CONTROL3,Y,36864983,37151136,Loss
CONTROL3,4,113483778,114111731,LOH
CONTROL3,4,6205057,6818263,Loss
CONTROL3,18,49976671,50958019,LOH
CONTROL3,15,54018282,54548143,LOH
CONTROL3,7,64070031,64246612,Loss
CONTROL3,13,28299639,28700230,Gain
CONTROL3,16,76850558,77166525,LOH
CONTROL3,21,17206943,17355538,Gain
CONTROL3,6,157806435,158782817,Gain
CONTROL3,13,93805681,94237874,Gain
CONTROL3,8,100624744,101076674,Gain
CONTROL3,4,159680942,160584574,Gain
CONTROL3,12,105452925,106432580,Gain
CONTROL3,3,65698959,65775308,Loss
CONTROL3,6,147609090,147708253,Gain
CONTROL3,11,49707101,50242366,Gain
CONTROL3,11,52100603,52876198,LOH
CONTROL3,10,59758775,60702173,Loss
CONTROL3,17,75928316,76248830,Loss
CONTROL3,X,120409289,120529548,Gain
CONTROL3,6,12009159,12576873,LOH
CONTROL3,15,40707811,41644606,LOH
CONTROL3,17,63422820,64358982,Gain
CONTROL3,17,67673029,68178349,Gain
CONTROL3,17,52795405,53448149,LOH
CONTROL3,11,69804063,70106996,Loss
CONTROL3,14,47213783,47687254,Gain
CONTROL3,11,51332720,51957532,Loss
CONTROL3,7,40055150,40797236,LOH
CONTROL3,14,21508836,22340369,Gain
CONTROL3,14,2162085,2462311,Loss
CONTROL3,5,73424316,74175805,LOH
CONTROL3,13,108450582,108916566,LOH
CONTROL3,1,191561523,192424032,Loss
CONTROL3,7,23075827,24051611,Loss
CONTROL3,5,148705366,149515690,LOH
CONTROL3,1,217978307,218842148,Gain
CONTROL3,21,1144296,1760457,Gain
CONTROL3,X,21095994,21663516,LOH
CONTROL3,10,131170483,132121042,Loss
CONTROL3,22,18268462,18943660,LOH
CONTROL3,11,33231791,34030701,Loss
CONTROL3,8,111386615,111941734,Loss
CONTROL3,16,52437713,52577012,Gain
CONTROL3,5,25070629,25884479,Gain
CONTROL3,1,195888503,196806611,LOH
CONTROL3,9,15473437,15954900,LOH
CONTROL3,20,9928052,10882735,Loss
CONTROL3,21,9422576,9811426,LOH
CONTROL3,6,90314782,90716725,Gain
CONTROL3,16,71729979,72264145,Loss
CONTROL3,14,1551959,2426715,Loss
CONTROL3,5,5921923,6072339,Loss
CONTROL3,1,9386022,10238765,LOH
CONTROL3,Y,56882740,57073147,Loss
CONTROL3,22,37811365,38241049,Loss
CONTROL3,11,98035793,98183536,Loss
CONTROL3,15,19121562,19667496,Loss
CONTROL3,14,18807380,19528453,Gain
CONTROL3,6,89352041,90008796,Loss
CONTROL3,17,57625709,58384166,Gain
CONTROL3,18,5426989,6402401,Loss
CONTROL3,X,50502416,51214415,Loss
CONTROL3,17,33931755,34816453,LOH
CONTROL3,Y,29436349,30075864,Loss
CONTROL3,16,88767296,88822254,Gain
CONTROL3,11,116580405,117544777,Gain
CONTROL3,21,43797041,44201835,LOH
CONTROL3,6,99294166,99651399,Gain
CONTROL3,6,150425291,150537496,Loss
CONTROL3,Y,44143536,44264382,LOH
CONTROL3,10,94554715,94744012,Loss
CONTROL3,7,81165450,81629166,Loss
CONTROL3,16,69668663,70552497,LOH
CONTROL3,13,15472982,16084614,Loss
CONTROL3,17,5567899,6117654,Loss
CONTROL3,21,42848629,43450998,Gain
CONTROL3,6,140538027,141336944,Gain
CONTROL4,19,57497619,58352568,Gain
CONTROL4,18,68641289,69077872,Loss
CONTROL4,9,120817177,121479119,LOH
CONTROL4,9,42639538,43123138,LOH
CONTROL4,18,59927038,59975704,Gain
CONTROL4,Y,52962786,53221111,Loss
CONTROL4,21,16051324,16209777,Loss
CONTROL4,7,5058524,5836254,LOH
CONTROL4,1,105538901,105752655,Loss
CONTROL4,16,40346364,40397072,Loss
CONTROL4,16,4910025,5065880,Gain
CONTROL4,Y,26941026,27626255,LOH
CONTROL4,20,3496392,3970708,LOH
CONTROL4,5,45205871,45283781,LOH
CONTROL4,13,74608185,75293813,Loss
CONTROL4,19,16704709,16907488,Loss
CONTROL4,7,18323860,19314412,Gain
CONTROL4,4,163121932,163166547,Loss
CONTROL4,9,127439367,127889125,Loss
CONTROL4,7,15166424,15592065,LOH
CONTROL4,20,43710165,44535370,Gain
CONTROL4,14,80503182,81268593,Gain
CONTROL4,17,25324579,26194098,LOH
CONTROL4,9,78647453,79642367,Gain
CONTROL4,8,36081571,36768857,LOH
CONTROL4,X,123839152,124483848,Loss
CONTROL4,5,112190484,112909179,Gain
CONTROL4,6,105566613,106168786,LOH
CONTROL4,7,97020686,97479929,Loss
CONTROL4,4,58462905,59332895,LOH
CONTROL4,2,164378060,164564852,LOH
CONTROL4,6,78396391,79357933,Loss
CONTROL4,14,4450531,4727057,LOH
CONTROL4,20,54730941,55234037,LOH
CONTROL4,4,26818279,26989789,Gain
CONTROL4,22,18984025,19738697,LOH
CONTROL4,20,36319939,36796350,Gain
CONTROL4,Y,48544607,49536698,LOH
CONTROL4,18,74533950,74563376,Loss
CONTROL4,8,16225342,16825624,Gain
CONTROL4,12,73611690,74290492,Loss
CONTROL4,13,76385660,76942377,Gain
CONTROL4,3,36704770,36941235,Gain
CONTROL4,11,3073533,3991108,Loss
CONTROL4,20,26427713,26761436,Gain
CONTROL4,17,11792711,11905979,LOH
CONTROL4,11,67174941,67844470,Gain
CONTROL4,5,31864118,32576253,Loss
CONTROL4,20,15852122,16776905,LOH
CONTROL4,8,29387205,29568306,Gain
CONTROL4,2,170043379,170260742,LOH
CONTROL4,11,113285585,113810972,Loss
CONTROL4,22,5286496,5790212,Loss
CONTROL4,6,29697672,29935261,LOH
CONTROL4,20,28001141,28299188,LOH
CONTROL4,X,93274076,94130487,Gain
CONTROL4,13,16088151,16459530,Loss
CONTROL4,20,34803208,35025672,LOH
CONTROL4,19,35627402,35644653,Gain
CONTROL4,Y,38323540,38643677,Loss
CONTROL4,19,23580568,24259494,Loss
CONTROL4,13,22522975,22836422,Gain
CONTROL4,17,42253231,42455405,LOH
CONTROL4,10,72453268,72593099,Gain
CONTROL4,17,20856520,21087102,Gain
CONTROL4,10,15726346,15875407,LOH
CONTROL4,13,2634649,3190075,Gain
CONTROL4,3,62877843,63851795,Loss
CONTROL4,X,78162003,78913255,Loss
CONTROL4,11,19587404,20146886,LOH
CONTROL4,5,35751809,36667610,LOH
CONTROL4,17,22725821,23646713,LOH
CONTROL4,4,77792328,78320912,LOH
CONTROL4,16,69171211,69725687,Gain
CONTROL4,6,40351014,41060564,LOH
CONTROL4,X,142693451,143636147,Loss
CONTROL4,22,14827406,15182481,Gain
CONTROL4,18,13558815,14429122,Gain
CONTROL4,9,88997404,89430535,Loss
CONTROL4,7,78223028,79016600,Gain
CONTROL4,6,169895392,170070881,Loss
CONTROL4,X,59005137,59398597,LOH
CONTROL4,3,183760942,184316777,Gain
CONTROL4,6,96684863,97418331,Gain
CONTROL4,19,30508589,30603743,LOH
CONTROL4,20,45909673,46043360,Gain
CONTROL4,8,109280859,110092385,Gain
CONTROL4,12,18655661,19490453,Gain
CONTROL4,8,75239412,75578327,Gain
CONTROL4,14,39884382,39899412,Loss
CONTROL4,11,123104497,123956229,LOH
CONTROL4,9,135137896,136095339,LOH
CONTROL4,7,67233969,67666235,Gain
CONTROL4,9,68077773,69050192,Gain
CONTROL4,Y,31117956,32021707,Gain
CONTROL4,12,113468752,114241156,Gain
CONTROL4,18,12183687,12947005,LOH
CONTROL4,Y,13659085,14330060,Loss
CONTROL4,18,22676745,22882110,LOH
CONTROL4,20,56607665,57005852,LOH
CONTROL4,2,12625784,13579519,LOH
CONTROL5,17,11582386,12421367,Loss
CONTROL5,3,85766935,86212998,Loss
CONTROL5,19,19284180,19708616,Gain
CONTROL5,13,60370109,60667025,Loss
CONTROL5,7,27835461,27873501,LOH
CONTROL5,9,71961147,72668838,Gain
CONTROL5,X,97879867,98002839,Gain
CONTROL5,22,30581326,30997653,LOH
CONTROL5,X,21258967,21494791,LOH
CONTROL5,15,1044935,1190424,Gain
CONTROL5,18,9504794,10125934,Loss
CONTROL5,15,9362754,9894587,Loss
CONTROL5,20,41234758,41847558,Gain
CONTROL5,X,85005985,85285825,Gain
CONTROL5,15,84157851,84331887,Gain
CONTROL5,1,67247356,67805970,Loss
CONTROL5,13,95168993,95361012,Loss
CONTROL5,7,109566941,110485115,Gain
CONTROL5,8,140336440,140452607,Loss
CONTROL5,8,40175647,40828408,Loss
CONTROL5,22,18435733,18840324,Loss
CONTROL5,21,1367746,1503239,Loss
CONTROL5,11,53305541,53939429,LOH
CONTROL5,22,22560200,22931461,Loss
CONTROL5,7,130877287,131671338,Loss
CONTROL5,7,54088006,54652696,Loss
CONTROL5,15,95345414,95429753,Loss
CONTROL5,22,2060225,2357449,LOH
CONTROL5,19,63384885,63643348,Gain
CONTROL5,8,24261373,24684452,LOH
CONTROL5,19,47642195,48192718,LOH
CONTROL5,1,55087879,55303135,Loss
CONTROL5,11,46314332,46720767,LOH
CONTROL5,20,13722827,14446558,LOH
CONTROL5,2,133302505,133879497,Loss
CONTROL5,3,145584747,145701281,Gain
CONTROL5,19,21040493,21258146,LOH
CONTROL5,11,65412131,65912967,LOH
CONTROL5,4,141494276,141763819,Loss
CONTROL5,22,9418533,10092494,Gain
CONTROL5,19,15730704,15749309,LOH
CONTROL5,19,5402306,6155061,Gain
CONTROL5,3,108423329,108846030,LOH
CONTROL5,3,7496875,8225774,Loss
CONTROL5,X,5817384,6479604,Loss
CONTROL5,3,9004397,9209685,Gain
CONTROL5,1,154820450,155795486,Loss
CONTROL5,19,25323618,25529939,Gain
CONTROL5,9,51236842,51941267,LOH
CONTROL5,11,49087575,49693097,Gain
CONTROL5,19,33894081,34286066,Gain
CONTROL5,10,5554324,5723249,Gain
CONTROL5,18,52396370,53360151,Gain
CONTROL5,Y,32397425,32538297,Loss
CONTROL5,10,115006865,115599345,LOH
CONTROL5,18,24730167,25698124,Gain
CONTROL5,8,91517402,91796877,LOH
CONTROL5,22,30402715,30738390,Loss
CONTROL5,17,74813804,75700366,LOH
CONTROL5,18,74574217,75350360,Gain
CONTROL5,5,78661784,79355486,LOH
CONTROL5,9,139839115,140041738,Gain
CONTROL5,1,212007854,212999779,Loss
CONTROL5,18,68643387,69081989,Loss
CONTROL5,13,87535406,88265476,Loss
CONTROL5,18,38536918,39010551,Gain
CONTROL5,20,28170295,28282525,Gain
CONTROL5,Y,6350313,7098266,LOH
CONTROL5,21,25458533,26178184,Loss
CONTROL5,6,36528755,37369089,Gain
CONTROL5,4,46647275,47206588,LOH
CONTROL5,14,47666323,47852847,Loss
CONTROL5,10,14116376,14677378,LOH
CONTROL5,16,60226105,60413904,Loss
CONTROL5,15,20993911,21049810,Loss
CONTROL5,8,44320379,45113175,Loss
CONTROL5,Y,55127366,55522529,Gain
CONTROL5,4,179820473,180007539,Loss
CONTROL5,15,77783608,78077602,Gain
CONTROL5,3,44911740,45816670,LOH
CONTROL5,1,214655222,215499397,LOH
CONTROL5,4,153172261,153627012,Loss
CONTROL5,18,34425922,34812238,Loss
CONTROL5,6,154050189,154618586,Gain
CONTROL5,14,8613718,8669191,Gain
CONTROL5,21,26217073,26479150,Gain
CONTROL5,6,23440891,24333481,Gain
CONTROL5,13,10038440,10063636,Loss
CONTROL5,22,3861629,4257560,Gain
CONTROL5,16,83935642,84356642,Gain
CONTROL5,6,135546640,136088118,LOH
CONTROL5,13,108280649,109197592,Loss
CONTROL5,16,70705599,71488747,LOH
CONTROL5,3,44901732,45092621,LOH
CONTROL5,20,48976987,49502854,Gain
CONTROL5,20,36983909,37436450,Loss
CONTROL5,15,22223067,23184096,Gain
CONTROL5,X,15941536,16169273,LOH
CONTROL5,21,22052855,22517230,Gain
CONTROL5,Y,29189588,30185850,LOH
CONTROL5,3,100167814,100834045,LOH
CONTROL6,20,20404967,20813398,Gain
CONTROL6,15,43072509,43252242,LOH
CONTROL6,12,79798738,80047241,Gain
CONTROL6,6,112231755,112721700,Loss
CONTROL6,11,26444221,26869434,LOH
CONTROL6,15,18021495,18850880,Loss
CONTROL6,6,160839235,160852192,LOH
CONTROL6,14,100942485,101606290,Loss
CONTROL6,6,39248559,39697647,Loss
CONTROL6,20,40407864,41040929,Loss
CONTROL6,10,43212489,43903441,LOH
CONTROL6,9,19664025,20606665,Loss
CONTROL6,8,21187500,21302710,Loss
CONTROL6,8,130977333,131627613,Gain
CONTROL6,21,25351630,25427293,LOH
CONTROL6,19,33731874,33976974,LOH
CONTROL6,21,9120200,9982641,LOH
CONTROL6,8,45758559,46154507,LOH
CONTROL6,2,150972456,151432900,LOH
CONTROL6,8,64524867,64634217,Gain
CONTROL6,8,64574543,64685299,Gain
CONTROL6,19,21631656,22252112,LOH
CONTROL6,20,21570483,21644816,Loss
CONTROL6,15,40366749,40865480,Gain
CONTROL6,3,157768850,158585478,Gain
CONTROL6,1,230317859,230922281,LOH
CONTROL6,6,7993079,8895251,LOH
CONTROL6,22,2318394,2810783,Loss
CONTROL6,9,34287361,34494205,Gain
CONTROL6,14,23821987,24108416,Loss
CONTROL6,14,22343514,22491375,LOH
CONTROL6,6,18878910,19249513,Loss
CONTROL6,3,92613928,93389703,LOH
CONTROL6,2,200633868,201168466,LOH
CONTROL6,4,144857952,145417623,LOH
CONTROL6,12,35181203,35499214,Gain
CONTROL6,13,25334686,25999435,LOH
CONTROL6,7,3754082,4399041,LOH
CONTROL6,10,27177136,28030714,Loss
CONTROL6,2,143609805,144083322,Gain
CONTROL6,22,2457516,2850041,LOH
CONTROL6,13,64273597,64871086,Gain
CONTROL6,5,24458972,25254243,Gain
CONTROL6,14,7069038,7575308,Loss
CONTROL6,22,34360416,34440203,Loss
CONTROL6,22,47377797,47532827,Loss
CONTROL6,12,43679735,43833772,Gain
CONTROL6,15,99354830,99530929,Loss
CONTROL6,10,82182892,83029135,Gain
CONTROL6,20,51602283,52236625,LOH
CONTROL6,2,88697673,88889791,LOH
CONTROL6,4,183646397,183862867,Gain
CONTROL6,9,113342086,114260300,Gain
CONTROL6,17,27750843,27976194,Gain
CONTROL6,19,2831727,3245929,Loss
CONTROL6,13,44906576,45456500,Gain
CONTROL6,4,84188909,84382790,LOH
CONTROL6,3,117008478,117950934,Loss
CONTROL6,16,38127731,39086670,Gain
CONTROL6,Y,1267999,1702279,LOH
CONTROL6,9,106073672,106296028,LOH
CONTROL6,4,16603965,16666783,Gain
CONTROL6,8,5456311,5556304,Gain
CONTROL6,7,25162392,25862054,LOH
CONTROL6,Y,31396774,31588377,LOH
CONTROL6,21,40460035,40692957,Gain
CONTROL6,Y,4451717,4555549,Loss
CONTROL6,3,44371980,45343493,Gain
CONTROL6,16,75667677,75891092,Loss
CONTROL6,3,187826595,187907556,LOH
CONTROL6,18,14328703,14671017,LOH
CONTROL6,17,22118,913528,Gain
CONTROL6,16,12666575,13307364,Gain
CONTROL6,6,92549045,93521059,Loss
CONTROL6,15,6203866,7044192,LOH
CONTROL6,11,20789500,21228400,Gain
CONTROL6,11,96376956,97299310,Loss
CONTROL6,12,83941085,84802634,Loss
CONTROL6,1,54737823,55612309,Gain
CONTROL6,18,24198689,24728111,Loss
CONTROL6,8,25832014,26470261,LOH
CONTROL6,2,155965466,156168342,Gain
CONTROL6,4,36440997,36989047,LOH
CONTROL6,10,68949776,69869572,Loss
CONTROL6,9,89963813,90318924,Loss
CONTROL6,22,43520878,44126815,LOH
CONTROL6,10,26024075,26706312,Loss
CONTROL6,3,9205334,9893915,Gain
CONTROL6,11,33225408,33274219,LOH
CONTROL6,19,45003652,45287528,LOH
CONTROL6,6,69908507,70630290,Gain
CONTROL6,20,32906960,33137067,Loss
CONTROL6,8,20615292,21003748,Gain
CONTROL6,21,39926978,40014083,Loss
CONTROL6,19,50803628,51800198,Loss
CONTROL6,15,97182190,97429864,LOH
CONTROL6,16,22442861,23118309,Loss
CONTROL6,3,41704489,42033441,LOH
CONTROL6,X,59837250,60298100,Loss
CONTROL6,13,104519718,105512118,Loss
CONTROL6,16,62157978,62315386,Gain
CONTROL7,4,86473195,86589941,Gain
CONTROL7,Y,31859574,32597698,LOH
CONTROL7,20,61230073,62076180,LOH
CONTROL7,20,2880219,3144360,LOH
CONTROL7,15,75193385,75494185,Loss
CONTROL7,16,86847431,87034485,Gain
CONTROL7,2,62172574,63066199,Gain
CONTROL7,6,55321007,55851853,Gain
CONTROL7,4,80762,925728,Gain
CONTROL7,18,35562261,35935008,LOH
CONTROL7,13,97205080,98094145,Loss
CONTROL7,7,21817615,22208477,Gain
CONTROL7,1,239546303,240084411,Loss
CONTROL7,20,13615144,13854674,LOH
CONTROL7,15,69538981,69783091,LOH
CONTROL7,8,145847387,145867721,Gain
CONTROL7,9,26725956,27658471,Gain
CONTROL7,17,17582518,18173617,Gain
CONTROL7,14,92408909,93257932,LOH
CONTROL7,1,178699608,179613833,LOH
CONTROL7,3,29294907,30181905,LOH
CONTROL7,22,225090,928672,Loss
CONTROL7,7,46520034,47007339,Gain
CONTROL7,Y,36989834,37606649,Loss
CONTROL7,Y,50116216,50887508,Loss
CONTROL7,15,38820269,39503876,Loss
CONTROL7,19,3698653,3753611,LOH
CONTROL7,1,8898659,9886266,Gain
CONTROL7,8,69618516,70178099,Gain
CONTROL7,17,45150847,45623544,Loss
CONTROL7,21,25342753,25589996,LOH
CONTROL7,15,80788599,81028317,Gain
CONTROL7,11,4834311,5126026,LOH
CONTROL7,7,17241779,17428359,LOH
CONTROL7,10,36571787,37481789,Loss
CONTROL7,13,88006651,88620183,Gain
CONTROL7,20,3664001,4508504,Gain
CONTROL7,1,33486968,33694045,Gain
CONTROL7,22,13837202,14693252,Loss
CONTROL7,9,133320378,134184102,Loss
CONTROL7,14,73860058,74415440,LOH
CONTROL7,22,5092761,5859025,Loss
CONTROL7,X,112376262,112876120,Loss
CONTROL7,8,29079968,29587828,Loss
CONTROL7,13,37725564,37785710,Loss
CONTROL7,2,206696066,207446697,Gain
CONTROL7,14,70322323,70461679,LOH
CONTROL7,10,78696328,79139851,LOH
CONTROL7,1,140469796,140495395,Gain
CONTROL7,10,75961228,76221649,LOH
CONTROL7,22,48266269,48297484,Loss
CONTROL7,3,88015219,88843143,LOH
CONTROL7,18,72291146,72481621,Loss
CONTROL7,4,333758,623060,Gain
CONTROL7,20,55026361,55239375,Gain
CONTROL7,21,18656666,18982199,Loss
CONTROL7,Y,8434343,8860932,LOH
CONTROL7,21,3041996,3995810,LOH
CONTROL7,22,39878568,40395065,Gain
CONTROL7,15,39488008,40286943,LOH
CONTROL7,22,16719387,16759971,LOH
CONTROL7,19,61182229,61298671,Loss
CONTROL7,17,46864510,47458633,LOH
CONTROL7,8,97626824,98451295,LOH
CONTROL7,20,34709665,35639504,LOH
CONTROL7,22,10272741,10566523,LOH
CONTROL7,2,48379073,48462787,Gain
CONTROL7,5,177276188,178166965,LOH
CONTROL7,1,226909026,227405978,Loss
CONTROL7,11,29944731,30218664,Loss
CONTROL7,9,95278395,95699330,Loss
CONTROL7,10,115429803,116257298,Loss
CONTROL7,9,45134544,45787454,Loss
CONTROL7,7,82829848,83712033,Gain
CONTROL7,8,53552963,53614627,LOH
CONTROL7,X,14062840,14531721,LOH
CONTROL7,17,10450317,10692672,Loss
CONTROL7,22,39962911,40759209,Gain
CONTROL7,7,19543826,19796321,Loss
CONTROL7,17,62455908,62839332,Gain
CONTROL7,Y,14585742,15166755,Loss
CONTROL7,Y,19719973,19878183,Loss
CONTROL7,11,33817367,34004415,LOH
CONTROL7,6,68810449,69792311,LOH
CONTROL7,22,17426470,18131491,Gain
CONTROL7,10,14928816,15149394,Loss
CONTROL7,16,64513084,65293781,LOH
CONTROL7,12,15104928,15183833,Gain
CONTROL7,18,51484255,52417113,LOH
CONTROL7,9,50646029,51448145,Gain
CONTROL7,16,65053493,65600170,Gain
CONTROL7,18,13779411,14449746,Gain
CONTROL7,12,112378535,112971323,LOH
CONTROL7,18,66865858,67769799,Gain
CONTROL7,16,26142225,26212897,Gain
CONTROL7,16,76750322,77281769,Loss
CONTROL7,20,10284667,10630771,LOH
CONTROL7,20,29266482,29767825,LOH
CONTROL7,Y,48316097,49213873,Loss
CONTROL7,9,44351100,45099134,Loss
CONTROL7,18,29207373,29746680,Loss
CONTROL8,8,96318303,97011758,LOH
CONTROL8,16,84433388,84663458,Gain
CONTROL8,2,182681307,183302777,LOH
CONTROL8,11,94601291,95122582,LOH
CONTROL8,15,48957851,49121943,Loss
CONTROL8,X,111583068,112021865,LOH
CONTROL8,14,49567678,50305505,Loss
CONTROL8,12,112432013,112580997,Gain
CONTROL8,20,36433185,36846963,Gain
CONTROL8,Y,17037910,17270937,Gain
CONTROL8,13,22342242,22662191,Loss
CONTROL8,8,11672229,12076399,Gain
CONTROL8,3,92087201,92150825,Gain
CONTROL8,6,139465321,139939531,Gain
CONTROL8,20,22371082,23303125,LOH
CONTROL8,21,18578782,19573390,Gain
CONTROL8,14,78006858,78290545,Gain
CONTROL8,18,61116566,61645447,Loss
CONTROL8,17,32506070,32782552,Loss
CONTROL8,Y,56277210,56827537,LOH
CONTROL8,5,92604168,93141931,Gain
CONTROL8,10,19073589,19180899,LOH
CONTROL8,8,69522401,69936544,Gain
CONTROL8,15,51204721,51308838,LOH
CONTROL8,1,13846279,13956894,LOH
CONTROL8,8,26249002,26816639,Loss
CONTROL8,18,67307883,67675888,LOH
CONTROL8,X,137534943,138184080,Gain
CONTROL8,19,53613628,54500482,Gain
CONTROL8,7,150372791,151045670,Gain
CONTROL8,6,131245521,131667623,Gain
CONTROL8,Y,57217118,57634709,Gain
CONTROL8,6,152564638,152857648,Gain
CONTROL8,4,116643533,117185623,Gain
CONTROL8,12,46482045,47215301,Gain
CONTROL8,1,66690043,67432355,LOH
CONTROL8,2,113807862,114321428,Gain
CONTROL8,16,3430852,4042183,Gain
CONTROL8,12,26191588,26237674,LOH
CONTROL8,18,11616642,12007951,Loss
CONTROL8,22,22456634,22646578,Gain
CONTROL8,18,39765218,40612492,Loss
CONTROL8,21,25674036,25800487,LOH
CONTROL8,17,46503835,47463413,Loss
CONTROL8,4,173269241,173449811,Gain
CONTROL8,12,80081675,80407329,LOH
CONTROL8,1,115317391,115918056,LOH
CONTROL8,14,29721622,29756307,Loss
CONTROL8,2,60135499,60995323,Loss
CONTROL8,14,43359651,43430865,Gain
CONTROL8,22,31721649,32258747,LOH
CONTROL8,11,96492597,96748590,Loss
CONTROL8,19,9948259,10642771,LOH
CONTROL8,14,368388,387752,Gain
CONTROL8,4,165879890,166402888,Gain
CONTROL8,3,15572712,16460389,LOH
CONTROL8,8,113867419,114025078,Gain
CONTROL8,4,9409917,9977436,Gain
CONTROL8,15,26949954,27624867,LOH
CONTROL8,11,129880600,130043317,LOH
CONTROL8,12,51377025,51994206,Gain
CONTROL8,6,109568617,110429256,Gain
CONTROL8,1,59255551,59816361,Gain
CONTROL8,Y,27426838,27769602,LOH
CONTROL8,5,151336097,151666034,Loss
CONTROL8,4,60557689,60751074,Gain
CONTROL8,10,51923141,52808106,Gain
CONTROL8,9,15048990,15534306,LOH
CONTROL8,4,67594707,67783680,Gain
CONTROL8,14,10911172,11791959,Gain
CONTROL8,12,101098387,101624525,Gain
CONTROL8,11,101178218,101543757,LOH
CONTROL8,17,44259417,45239598,Gain
CONTROL8,2,119144322,119316766,Loss
CONTROL8,20,2120709,2664645,Loss
CONTROL8,2,142114413,142934056,Gain
CONTROL8,4,171297466,171672706,LOH
CONTROL8,5,176198463,176832271,Gain
CONTROL8,7,95575829,96195782,LOH
CONTROL8,X,70690037,70810456,Loss
CONTROL8,15,99088839,99943026,Gain
CONTROL8,2,55903299,56034205,Gain
CONTROL8,18,26191753,27119665,Gain
CONTROL8,22,22743621,23557036,LOH
CONTROL8,7,84384797,84562744,LOH
CONTROL8,17,46810870,47238235,LOH
CONTROL8,15,67025452,67718225,Loss
CONTROL8,1,167923964,168761079,Gain
CONTROL8,11,25512072,25642467,LOH
CONTROL8,13,103297057,104271925,Gain
CONTROL8,6,120043800,120866205,Loss
CONTROL8,13,35674384,36160722,Gain
CONTROL8,8,30466430,30837631,LOH
CONTROL8,18,43311341,43741629,Gain
CONTROL8,9,22761526,23073965,Loss
CONTROL8,1,198945563,199332431,Gain
CONTROL8,4,141621051,141701220,Loss
CONTROL8,14,88369015,89020040,Gain
CONTROL8,X,5621745,6063267,Gain
CONTROL8,18,73258141,73592067,LOH
CONTROL8,12,108592249,108691503,LOH
CONTROL9,16,52579985,53155782,Gain
CONTROL9,Y,23375433,24046484,Loss
CONTROL9,16,56636140,56826325,Gain
CONTROL9,6,125442145,125827458,Loss
CONTROL9,X,41876899,42622297,Gain
CONTROL9,17,68048106,68562710,Loss
CONTROL9,8,52010081,52916567,Loss
CONTROL9,Y,45215957,45873607,LOH
CONTROL9,19,31372899,31808384,LOH
CONTROL9,X,66974885,67961257,Gain
CONTROL9,1,127976072,128789140,LOH
CONTROL9,17,71176911,71829528,LOH
CONTROL9,6,55393636,55778897,Loss
CONTROL9,22,36680006,37137790,Gain
CONTROL9,1,59093261,59209807,LOH
CONTROL9,X,107015489,107930919,LOH
CONTROL9,7,9669629,9750085,LOH
CONTROL9,13,69825604,70405226,Gain
CONTROL9,6,115064749,115343010,Loss
CONTROL9,1,90455102,90561196,Gain
CONTROL9,4,153280738,153647388,LOH
CONTROL9,18,68758147,69277921,LOH
CONTROL9,10,76125555,76243213,LOH
CONTROL9,16,54129162,54459617,Gain
CONTROL9,17,41001508,41535734,Loss
CONTROL9,18,66118159,66594260,Loss
CONTROL9,11,75772164,76549882,Gain
CONTROL9,18,35824693,35852340,Gain
CONTROL9,18,19400209,20373330,Loss
CONTROL9,20,47102595,47838715,Gain
CONTROL9,14,33402729,34041704,Loss
CONTROL9,11,88969041,89265498,Gain
CONTROL9,9,133086365,133819021,Loss
CONTROL9,6,117376566,118013062,Gain
CONTROL9,3,73185775,73244172,Gain
CONTROL9,8,61661905,61859512,Gain
CONTROL9,7,25815944,26166037,LOH
CONTROL9,18,43345774,44229486,Loss
CONTROL9,12,94681974,95312176,Gain
CONTROL9,Y,46290029,46419050,Gain
CONTROL9,13,57547061,57892130,Loss
CONTROL9,6,84684403,85607884,LOH
CONTROL9,X,30999645,31136172,LOH
CONTROL9,3,65680736,66673298,Gain
CONTROL9,X,146020848,146901523,Gain
CONTROL9,16,31801424,32564517,Gain
CONTROL9,Y,18613069,19014402,LOH
CONTROL9,17,2270526,3259687,Gain
CONTROL9,13,85390534,85927983,Loss
CONTROL9,13,61777138,62740668,Loss
CONTROL9,20,25130019,26052419,LOH
CONTROL9,18,46494908,46904450,LOH
CONTROL9,18,15092830,15840923,LOH
CONTROL9,16,46116607,46562720,Gain
CONTROL9,1,50067972,50694436,Loss
CONTROL9,5,98694260,99019233,Loss
CONTROL9,12,52157242,52424121,Loss
CONTROL9,20,61164263,61470743,Gain
CONTROL9,8,25698033,26315476,LOH
CONTROL9,3,163877024,164600814,Loss
CONTROL9,1,225036354,225838809,LOH
CONTROL9,4,135773805,136289384,Gain
CONTROL9,21,33028454,33534854,LOH
CONTROL9,15,50833771,51079734,Gain
CONTROL9,6,97581983,97702534,Gain
CONTROL9,2,98689521,99310375,Loss
CONTROL9,20,60472246,61052958,Gain
CONTROL9,17,26860052,27740789,Loss
CONTROL9,1,176233990,177151498,Loss
CONTROL9,22,43633615,44156383,LOH
CONTROL9,20,14367085,15012483,Gain
CONTROL9,20,58753758,59377977,Gain
CONTROL9,5,167522156,167977022,Loss
CONTROL9,1,214247724,215187023,Loss
CONTROL9,5,80772965,81509524,Gain
CONTROL9,11,66741050,67289951,LOH
CONTROL9,17,16031382,16867382,Gain
CONTROL9,21,43927053,44718431,Loss
CONTROL9,10,128841283,129123926,Loss
CONTROL9,13,51790074,52282290,LOH
CONTROL9,21,11956511,12904922,LOH
CONTROL9,19,18307234,18774122,Gain
CONTROL9,11,7578804,7932646,LOH
CONTROL9,9,52063440,52274342,LOH
CONTROL9,17,25511747,25756623,LOH
CONTROL9,11,2497430,2937967,Gain
CONTROL9,19,22531351,23378637,LOH
CONTROL9,21,14919442,15812958,LOH
CONTROL9,5,23340863,23755468,Loss
CONTROL9,9,32119274,32486249,LOH
CONTROL9,Y,28499695,29005380,LOH
CONTROL9,20,25031369,25239217,Gain
CONTROL9,16,80636888,81394906,Loss
CONTROL9,11,81602313,82484839,Gain
CONTROL9,9,88346546,89332887,Gain
CONTROL9,10,90462189,91290485,Loss
CONTROL9,18,73077645,74037062,Loss
CONTROL9,18,436543,1068991,Gain
CONTROL9,1,49188459,49695705,Loss
CONTROL9,7,107179891,107259085,LOH
CONTROL9,10,31486710,31584979,Gain
CONTROL10,4,1717841,2417415,Loss
CONTROL10,8,125696141,125854865,Loss
CONTROL10,14,55470612,55939825,Loss
CONTROL10,6,3269868,3780232,Gain
CONTROL10,11,96714653,97471813,LOH
CONTROL10,22,20431464,21019921,Loss
CONTROL10,Y,18595779,19514899,Gain
CONTROL10,8,49937834,50071420,Loss
CONTROL10,22,9869699,10654916,Gain
CONTROL10,1,164143603,164298602,LOH
CONTROL10,9,137288862,137937396,LOH
CONTROL10,2,50321171,50524608,Gain
CONTROL10,10,16469629,16988507,LOH
CONTROL10,X,88466868,88788113,Loss
CONTROL10,14,8321202,8536289,LOH
CONTROL10,6,77392346,77923392,Loss
CONTROL10,5,104644281,104883987,Loss
CONTROL10,13,70093361,70718404,LOH
CONTROL10,2,109243150,109323387,Loss
CONTROL10,13,73244088,73643708,Loss
CONTROL10,21,38608249,39073898,Gain
CONTROL10,9,9943721,10460383,Gain
CONTROL10,19,13452790,14329596,Loss
CONTROL10,12,51649686,52383940,Gain
CONTROL10,8,135425854,135958079,LOH
CONTROL10,9,69499090,70185548,LOH
CONTROL10,21,40201233,41012475,Gain
CONTROL10,13,86476808,86915787,Gain
CONTROL10,8,107920043,108418771,Loss
CONTROL10,3,158184869,158220273,LOH
CONTROL10,X,84777736,84894278,LOH
CONTROL10,17,31894668,32489294,LOH
CONTROL10,13,75518328,76094298,Loss
CONTROL10,3,13241514,13812443,LOH
CONTROL10,12,27187736,27876595,Gain
CONTROL10,7,34210739,34244001,LOH
CONTROL10,17,15498895,16223699,LOH
CONTROL10,6,70629036,71062598,Gain
CONTROL10,11,32088654,32107477,Gain
CONTROL10,2,9186955,9970302,Gain
CONTROL10,6,127208087,127795513,LOH
CONTROL10,22,6300796,7244760,Loss
CONTROL10,16,70823764,71397021,Loss
CONTROL10,15,10151475,10670699,LOH
CONTROL10,19,45656501,46299326,LOH
CONTROL10,X,142368230,142683141,Gain
CONTROL10,4,6986617,7250076,Gain
CONTROL10,12,23960263,24194290,Gain
CONTROL10,2,189370332,190320013,Gain
CONTROL10,15,84964197,85638539,Gain
CONTROL10,1,104327714,104445941,LOH
CONTROL10,14,104951930,105162658,Loss
CONTROL10,3,188087234,188394213,Loss
CONTROL10,X,102962588,103408966,Gain
CONTROL10,14,26105057,26399996,Gain
CONTROL10,14,68173941,69090514,Gain
CONTROL10,9,72750534,73348873,Gain
CONTROL10,21,10427028,10868252,Loss
CONTROL10,4,1333490,2004137,LOH
CONTROL10,2,5100196,5896232,Loss
CONTROL10,3,189757040,190460059,Gain
CONTROL10,17,15165680,15978061,LOH
CONTROL10,Y,39664276,39899759,Gain
CONTROL10,14,21932791,22085491,LOH
CONTROL10,2,197162102,197342641,Loss
CONTROL10,1,10608,534853,Loss
CONTROL10,11,107086966,108077416,Gain
CONTROL10,18,43273870,43378749,Loss
CONTROL10,16,24246883,25103084,Gain
CONTROL10,Y,51228373,51498821,Gain
CONTROL10,11,94023601,94765228,Gain
CONTROL10,14,44617632,44950974,LOH
CONTROL10,17,37940889,38785680,Loss
CONTROL10,4,29822574,30529483,Gain
CONTROL10,10,117090316,117300584,Loss
CONTROL10,17,34000281,34980591,Gain
CONTROL10,9,33479096,34243175,Loss
CONTROL10,16,80025139,80105520,Loss
CONTROL10,1,1952995,2468790,Gain
CONTROL10,22,42165068,42520355,Gain
CONTROL10,18,54375506,54908133,LOH
CONTROL10,16,83364574,83454630,Loss
CONTROL10,17,72785874,72969511,LOH
CONTROL10,6,97634873,98026587,LOH
CONTROL10,13,76047519,76124185,Gain
CONTROL10,1,50087340,50839621,LOH
CONTROL10,16,51435595,52318853,LOH
CONTROL10,13,107168592,107615004,Gain
CONTROL10,2,166066784,167021535,Gain
CONTROL10,18,75209989,75274961,Gain
CONTROL10,18,52003813,52084859,Gain
CONTROL10,4,152054567,152099522,Gain
CONTROL10,13,65780301,66257807,LOH
CONTROL10,5,9530609,10376731,Loss
CONTROL10,14,64204963,64959716,Loss
CONTROL10,3,173206850,173395860,LOH
CONTROL10,5,109631480,109816736,Loss
CONTROL10,19,41745588,41814510,LOH
CONTROL10,6,159270104,159978248,LOH
CONTROL10,11,132391663,132463530,Loss
CONTROL10,14,7497862,7588526,LOH
CONTROL11,X,14897746,15611227,LOH
CONTROL11,19,20035737,20581528,LOH
CONTROL11,5,161337503,162045047,LOH
CONTROL11,Y,48629989,49432840,Loss
CONTROL11,11,12347576,13306436,Loss
CONTROL11,21,2745690,3701863,Loss
CONTROL11,10,40324578,40846783,Gain
CONTROL11,9,97588475,98049036,Loss
CONTROL11,Y,6561971,7128684,Loss
CONTROL11,4,185580495,186103219,LOH
CONTROL11,18,31099074,31377777,LOH
CONTROL11,Y,26292211,26464281,LOH
CONTROL11,18,63356742,64011347,Loss
CONTROL11,11,109554014,110095176,LOH
CONTROL11,15,58964787,59375705,LOH
CONTROL11,4,2118043,2643778,LOH
CONTROL11,6,29007119,29854854,LOH
CONTROL11,9,3943100,4224478,Gain
CONTROL11,2,174268007,174995438,LOH
CONTROL11,11,79172265,79825047,Loss
CONTROL11,1,87609091,88199659,Gain
CONTROL11,Y,9196672,9512136,Gain
CONTROL11,9,137562135,138003541,Gain
CONTROL11,10,11150054,11466080,Gain
CONTROL11,19,19907925,19964947,Loss
CONTROL11,12,2583643,3201291,Gain
CONTROL11,15,11224430,11572657,LOH
CONTROL11,21,42292330,42823424,Gain
CONTROL11,13,97127910,97289328,LOH
CONTROL11,3,137409273,138250014,Loss
CONTROL11,11,78545165,78911088,Loss
CONTROL11,10,120245049,120514251,LOH
CONTROL11,20,16306424,17168301,Gain
CONTROL11,10,1864557,2058162,Loss
CONTROL11,6,16178703,17031225,LOH
CONTROL11,19,3251967,3352252,Loss
CONTROL11,2,141781755,141901041,Loss
CONTROL11,11,35774223,35982808,LOH
CONTROL11,15,112428,320675,LOH
CONTROL11,13,84384258,84703745,Gain
CONTROL11,10,33069506,34023036,Loss
CONTROL11,17,44368521,44639579,LOH
CONTROL11,21,42346682,43105220,Loss
CONTROL11,6,153538940,154445772,Loss
CONTROL11,1,151403640,152107602,Loss
CONTROL11,9,101150145,102047966,LOH
CONTROL11,6,134001157,134161426,Gain
CONTROL11,20,42800095,43106429,LOH
CONTROL11,8,96405425,96679774,Gain
CONTROL11,14,92664469,93084242,Gain
CONTROL11,11,4084674,4366797,LOH
CONTROL11,9,107939161,108115966,LOH
CONTROL11,5,165155073,165784028,Loss
CONTROL11,1,96530580,97112841,Loss
CONTROL11,9,67844729,68792759,Gain
CONTROL11,6,72722417,73221715,Loss
CONTROL11,Y,27737095,28705130,Loss
CONTROL11,17,15227469,15794093,Loss
CONTROL11,2,138018795,138701510,Loss
CONTROL11,8,18219632,18328258,Gain
CONTROL11,22,42340097,43238735,LOH
CONTROL11,21,45738336,46353489,Loss
CONTROL11,21,4914037,5406129,Gain
CONTROL11,10,53366109,53630424,Loss
CONTROL11,4,56753543,57244792,Gain
CONTROL11,8,114614226,114648070,Gain
CONTROL11,7,136513955,137232008,Gain
CONTROL11,14,4051536,4307530,Loss
CONTROL11,21,35982889,36578855,LOH
CONTROL11,X,57460290,58183509,Loss
CONTROL11,19,43584085,43917861,Gain
CONTROL11,3,23562776,23672236,Loss
CONTROL11,4,59563163,59965171,Loss
CONTROL11,10,12491980,13356742,Loss
CONTROL11,9,74398258,74639403,Loss
CONTROL11,19,62137280,62470507,LOH
CONTROL11,6,152818726,153345159,LOH
CONTROL11,4,160349525,161336624,LOH
CONTROL11,16,54953631,55850211,Loss
CONTROL11,5,118642506,118875962,LOH
CONTROL11,21,35878506,36102787,LOH
CONTROL11,6,65487676,66285843,Gain
CONTROL11,8,122490799,123048726,Gain
CONTROL11,20,52740144,53359922,Gain
CONTROL11,7,148409375,148839930,LOH
CONTROL11,6,89435701,89818516,Gain
CONTROL11,16,35507906,35970384,LOH
CONTROL11,10,66924772,67513575,LOH
CONTROL11,16,13259452,13335055,LOH
CONTROL11,2,5963792,6657221,Loss
CONTROL11,19,44428931,45199832,LOH
CONTROL11,5,152765849,152842877,LOH
CONTROL11,20,57545958,57895590,Loss
CONTROL11,13,60668977,61539273,Gain
CONTROL11,2,130616084,130873062,Gain
CONTROL11,3,85230178,85949084,Gain
CONTROL11,6,128580489,129012378,LOH
CONTROL11,1,152701976,153254805,LOH
CONTROL11,17,66455147,67444264,LOH
CONTROL11,15,22855043,22916824,Loss
CONTROL11,9,26435151,27091205,Loss
CONTROL12,3,23226881,23685702,Gain
CONTROL12,11,77934266,78637662,Gain
CONTROL12,3,22440096,22482555,LOH
CONTROL12,18,20485909,20787914,Loss
CONTROL12,21,20899164,21356829,Loss
CONTROL12,7,106647733,107061393,LOH
CONTROL12,8,68360115,68397099,Gain
CONTROL12,1,105749785,106164651,LOH
CONTROL12,X,76412067,76898116,Gain
CONTROL12,15,29588000,29623885,Gain
CONTROL12,7,148639820,149503404,LOH
CONTROL12,22,19229759,20224601,Loss
CONTROL12,2,236953048,237797164,Gain
CONTROL12,20,45585074,46025860,Gain
CONTROL12,6,124787509,125304008,LOH
CONTROL12,3,86968863,87092422,LOH
CONTROL12,13,50576168,51230967,Loss
CONTROL12,12,80010073,80121020,Loss
CONTROL12,19,27414261,27688731,Loss
CONTROL12,5,162114231,162342579,Loss
CONTROL12,18,48215626,48973604,Loss
CONTROL12,20,44525282,44770972,Gain
CONTROL12,10,83166966,83992449,LOH
CONTROL12,4,122365460,123351537,Loss
CONTROL12,12,80922256,81344545,Gain
CONTROL12,8,11097799,11376709,Loss
CONTROL12,19,49591593,50119290,Gain
CONTROL12,22,17236707,17282580,LOH
CONTROL12,22,42939241,43723009,Loss
CONTROL12,21,44983235,45848124,Gain
CONTROL12,7,89937213,90066334,Loss
CONTROL12,19,32920390,33162942,LOH
CONTROL12,22,1321066,1875758,Loss
CONTROL12,18,8025634,8717658,Loss
CONTROL12,15,79936164,80434934,LOH
CONTROL12,14,17723399,18456785,Loss
CONTROL12,3,66659525,67249562,Loss
CONTROL12,18,27046565,27404238,Gain
CONTROL12,22,30227213,30707112,Loss
CONTROL12,4,153600064,154301592,LOH
CONTROL12,7,59118815,59956400,LOH
CONTROL12,13,81979711,82920938,Loss
CONTROL12,3,42783946,43589923,Loss
CONTROL12,2,179273448,180127898,Gain
CONTROL12,18,61999907,62403156,Loss
CONTROL12,14,87358299,88005848,Gain
CONTROL12,1,43058840,43552558,Loss
CONTROL12,4,66422881,67355475,LOH
CONTROL12,4,170813148,171175003,LOH
CONTROL12,6,130663645,131237383,Loss
CONTROL12,Y,47587971,47942840,LOH
CONTROL12,8,91024068,91806051,Loss
CONTROL12,13,10073151,10085861,Loss
CONTROL12,14,87665149,88016095,Gain
CONTROL12,19,59563849,60134892,LOH
CONTROL12,9,38531688,39121044,Gain
CONTROL12,20,12608366,12762330,Gain
CONTROL12,4,20214028,21024967,Loss
CONTROL12,12,79825393,80631826,LOH
CONTROL12,17,43776850,44050612,LOH
CONTROL12,21,23715441,23954244,LOH
CONTROL12,12,109944678,109963769,Loss
CONTROL12,4,1272601,1556688,Loss
CONTROL12,13,9438748,9954829,LOH
CONTROL12,14,90707247,91559318,LOH
CONTROL12,2,171824951,172141867,Gain
CONTROL12,14,18663987,19547221,Gain
CONTROL12,12,64640369,64955993,LOH
CONTROL12,21,35308600,35408121,Loss
CONTROL12,Y,1244100,1981505,Gain
CONTROL12,15,17970431,18512384,Loss
CONTROL12,4,42037508,42874592,LOH
CONTROL12,15,72239312,73188921,LOH
CONTROL12,7,145391196,145564148,LOH
CONTROL12,19,25351017,26142960,LOH
CONTROL12,Y,35090171,35112611,Loss
CONTROL12,1,95272091,95713625,Loss
CONTROL12,21,22652276,23540211,LOH
CONTROL12,12,8585738,9554398,Loss
CONTROL12,1,111804341,112638287,Gain
CONTROL12,16,19953659,20018534,LOH
CONTROL12,X,147004612,147536668,LOH
CONTROL12,1,194738863,194996205,Loss
CONTROL12,2,29075611,29669115,Gain
CONTROL12,7,35706871,36628564,Loss
CONTROL12,2,217193484,217243903,Loss
CONTROL12,19,60623334,61080963,Gain
CONTROL12,6,97790266,98640850,Loss
CONTROL12,16,4430397,4635060,Loss
CONTROL12,2,234959882,235497659,Loss
CONTROL12,19,37664076,38329372,Loss
CONTROL12,15,4288808,4499151,LOH
CONTROL12,2,114979562,115165786,Gain
CONTROL12,9,101119144,101768095,Gain
CONTROL12,15,17516109,17765267,Loss
CONTROL12,2,75854725,76211839,Loss
CONTROL12,15,84741271,85115362,Gain
CONTROL12,X,15146304,15852993,Gain
CONTROL12,10,111912946,112386801,Loss
CONTROL12,22,15644711,16429442,Gain
CONTROL12,11,116695876,116759515,Gain
CONTROL13,8,3446201,3495973,Gain
CONTROL13,12,96663534,97294706,Loss
CONTROL13,14,11339483,12188448,Gain
CONTROL13,2,140350957,140543170,Gain
CONTROL13,20,36998300,37829774,Loss
CONTROL13,13,83144865,83250224,LOH
CONTROL13,14,32414579,33059027,Gain
CONTROL13,4,128517488,129238206,LOH
CONTROL13,9,17051019,17753571,LOH
CONTROL13,4,160038779,160362619,Gain
CONTROL13,10,56960444,57008918,LOH
CONTROL13,15,78734167,78941383,Gain
CONTROL13,15,20042978,20592272,Gain
CONTROL13,4,170048605,170582033,Loss
CONTROL13,14,52718917,53610373,Gain
CONTROL13,7,79960961,80088404,Loss
CONTROL13,10,103699086,103933407,Loss
CONTROL13,20,53680053,54233858,Gain
CONTROL13,16,9021843,9395588,Loss
CONTROL13,5,92227319,93006593,Gain
CONTROL13,13,13727588,14668511,Loss
CONTROL13,6,85483848,86313269,Gain
CONTROL13,4,127090693,127149521,Gain
CONTROL13,X,25517286,25992906,Loss
CONTROL13,14,15463505,16390174,LOH
CONTROL13,13,86180838,87133274,Gain
CONTROL13,8,15967786,16083296,LOH
CONTROL13,16,41108025,41652556,LOH
CONTROL13,19,31034179,31755707,Loss
CONTROL13,11,29350461,29907367,Loss
CONTROL13,15,69796616,70081419,LOH
CONTROL13,5,112594751,113448429,Gain
CONTROL13,19,48685917,49305215,LOH
CONTROL13,2,222669548,222920928,Loss
CONTROL13,7,112620136,113350049,LOH
CONTROL13,20,19292727,19964038,LOH
CONTROL13,2,14244370,14265066,LOH
CONTROL13,5,20232374,20482922,LOH
CONTROL13,14,9676836,10321592,Gain
CONTROL13,13,36591657,36986207,LOH
CONTROL13,21,22073886,22947574,Loss
CONTROL13,6,53536614,54025949,LOH
CONTROL13,22,4719385,4805869,Gain
CONTROL13,21,38368310,38728159,Loss
CONTROL13,17,30876439,31113467,LOH
CONTROL13,19,53167895,53543687,Gain
CONTROL13,16,21213113,21428984,LOH
CONTROL13,X,48415938,49196498,LOH
CONTROL13,13,47785386,48658086,LOH
CONTROL13,3,68194686,68999650,LOH
CONTROL13,4,145026458,145319854,LOH
CONTROL13,12,46426585,47332041,Gain
CONTROL13,22,34143853,34842617,Loss
CONTROL13,17,53716866,53870207,LOH
CONTROL13,10,31393169,31605415,Loss
CONTROL13,12,44200852,44627554,LOH
CONTROL13,1,105808795,106488029,Gain
CONTROL13,Y,16444100,16516035,Loss
CONTROL13,13,78963819,79522696,Loss
CONTROL13,16,67681703,68630962,Loss
CONTROL13,13,63505514,63756877,Gain
CONTROL13,Y,39015023,39774157,Loss
CONTROL13,11,44289861,45229574,Loss
CONTROL13,7,146128173,146506235,Gain
CONTROL13,3,41225708,41719879,LOH
CONTROL13,19,6183150,6707984,LOH
CONTROL13,8,136621276,137344440,Loss
CONTROL13,9,126911851,127041107,LOH
CONTROL13,10,80139588,80311531,Loss
CONTROL13,15,40174019,40305916,Gain
CONTROL13,10,99594690,99798963,LOH
CONTROL13,14,64580762,65131394,LOH
CONTROL13,16,44415004,44647992,Loss
CONTROL13,22,10671140,11017557,Loss
CONTROL13,22,1413392,2102630,LOH
CONTROL13,16,40661443,41014590,Loss
CONTROL13,10,22190595,22992580,Loss
CONTROL13,4,22654985,23309993,Gain
CONTROL13,X,115262088,115597952,Loss
CONTROL13,1,116234287,117021470,Loss
CONTROL13,5,120035431,120986942,Gain
CONTROL13,1,242770049,243060275,Loss
CONTROL13,21,44477741,45315336,Loss
CONTROL13,22,48639808,49465453,Loss
CONTROL13,20,36221025,37056284,Gain
CONTROL13,6,134177963,134206360,LOH
CONTROL13,13,87744303,88617393,Gain
CONTROL13,3,58777388,59712719,Gain
CONTROL13,10,35354722,36287062,LOH
CONTROL13,21,31138905,31899747,Loss
CONTROL13,15,43157594,43364033,Loss
CONTROL13,4,18541748,19082058,LOH
CONTROL13,12,25457248,26173239,Gain
CONTROL13,17,47826940,48458160,Gain
CONTROL13,11,87606977,87979993,LOH
CONTROL13,8,26539543,26947656,LOH
CONTROL13,16,62568829,62624910,Loss
CONTROL13,X,130967046,131461299,Loss
CONTROL13,3,120884434,121276861,Loss
CONTROL13,19,23979500,24277516,LOH
CONTROL13,22,22916417,23060591,Loss
CONTROL14,18,34465146,34557754,Gain
CONTROL14,X,30720775,31080121,LOH
CONTROL14,Y,39340460,39669134,LOH
CONTROL14,1,152145163,152287903,Loss
CONTROL14,22,27033998,27218901,Loss
CONTROL14,20,61016478,61122117,Gain
CONTROL14,12,60260388,61045247,Gain
CONTROL14,11,6855955,7679274,LOH
CONTROL14,17,5088932,5859577,Loss
CONTROL14,10,6957568,7946488,LOH
CONTROL14,8,77675548,78327415,Loss
CONTROL14,14,55098231,55772821,Loss
CONTROL14,19,32732389,33193656,Gain
CONTROL14,21,19984051,20544750,LOH
CONTROL14,4,172109159,172230476,LOH
CONTROL14,13,23577583,24251658,LOH
CONTROL14,12,75710419,76219392,Gain
CONTROL14,1,49980289,50243823,LOH
CONTROL14,18,18013979,18364353,Gain
CONTROL14,Y,57370120,57741652,LOH
CONTROL14,15,60173902,60194247,Gain
CONTROL14,12,7976520,8438381,Gain
CONTROL14,9,57072691,57714212,Loss
CONTROL14,4,23486383,24465176,Gain
CONTROL14,7,46796941,47118923,Gain
CONTROL14,20,56441164,56593430,Gain
CONTROL14,18,9301917,10157886,Gain
CONTROL14,10,64013872,64641546,LOH
CONTROL14,16,20532446,20800759,Gain
CONTROL14,Y,3416527,4288438,Gain
CONTROL14,7,26044848,26574499,LOH
CONTROL14,7,66866100,66919001,LOH
CONTROL14,6,101961652,102903940,Gain
CONTROL14,13,52751159,53508402,LOH
CONTROL14,4,131870615,132085339,Loss
CONTROL14,11,82780633,83166322,Loss
CONTROL14,22,46966552,47772993,Loss
CONTROL14,18,35610340,36196596,Loss
CONTROL14,6,39358852,39643357,Loss
CONTROL14,12,9467222,10347042,Gain
CONTROL14,9,118305311,119157285,Loss
CONTROL14,18,52527072,53379605,Gain
CONTROL14,17,39525236,40084426,Gain
CONTROL14,3,163380780,163794153,Loss
CONTROL14,4,50919408,51390072,LOH
CONTROL14,9,21831251,22388409,Loss
CONTROL14,10,9148547,9705880,Loss
CONTROL14,10,115735042,116705677,Loss
CONTROL14,12,21516631,21775990,LOH
CONTROL14,X,134933656,135280525,LOH
CONTROL14,11,102603011,102676877,Gain
CONTROL14,22,14242085,15240960,LOH
CONTROL14,1,53559834,53747066,Gain
CONTROL14,2,59062086,60031067,Gain
CONTROL14,17,65540870,65858612,LOH
CONTROL14,15,92500029,93025287,Gain
CONTROL14,1,83859173,84530307,LOH
CONTROL14,16,59877593,60155248,LOH
CONTROL14,12,86521181,86959865,Gain
CONTROL14,20,16670158,17269611,Loss
CONTROL14,X,4585899,5425741,Gain
CONTROL14,21,28540392,28836904,Gain
CONTROL14,18,30679246,31159318,Loss
CONTROL14,21,9106202,9871838,Loss
CONTROL14,6,74228135,74345187,Loss
CONTROL14,22,47642325,48009285,Gain
CONTROL14,2,36325952,36657730,Gain
CONTROL14,7,86129486,86599199,Gain
CONTROL14,14,15736368,16153181,LOH
CONTROL14,15,11755357,12743479,Gain
CONTROL14,19,37691159,38050943,Gain
CONTROL14,11,37866896,38851378,Loss
CONTROL14,14,81060877,81919078,Loss
CONTROL14,1,93942767,94850128,Loss
CONTROL14,18,10311180,10409913,Gain
CONTROL14,6,54900838,55150513,LOH
CONTROL14,16,5434653,5800047,Loss
CONTROL14,19,43046989,43590628,Gain
CONTROL14,16,82679350,83303787,LOH
CONTROL14,1,75709180,75759749,LOH
CONTROL14,20,15370594,15558578,Gain
CONTROL14,Y,50811069,51441766,LOH
CONTROL14,4,20049604,20441714,Loss
CONTROL14,14,48674366,49146658,Loss
CONTROL14,5,48947109,49292097,Loss
CONTROL14,9,94483344,95355989,Loss
CONTROL14,3,19573163,20564196,Loss
CONTROL14,11,31231570,31452033,Loss
CONTROL14,13,108803998,108908971,LOH
CONTROL14,X,129897008,130861965,Loss
CONTROL14,22,16627723,17436934,LOH
CONTROL14,12,39907045,40582828,LOH
CONTROL14,Y,36266492,36765336,Loss
CONTROL14,18,2913149,2979787,LOH
CONTROL14,9,89776072,90450014,Loss
CONTROL14,20,37140153,37215424,Gain
CONTROL14,12,86390355,86968488,Loss
CONTROL14,8,16855369,17045979,Loss
CONTROL14,Y,1659724,2524550,Loss
CONTROL14,18,74102310,74147937,Loss
CONTROL14,20,22690974,23293594,Gain
CONTROL15,21,8606081,9568368,Loss
CONTROL15,16,70117374,71044183,Gain
CONTROL15,13,99432963,99537470,LOH
CONTROL15,2,41074621,42003984,Loss
CONTROL15,15,27003379,27413184,LOH
CONTROL15,8,113830402,114431117,Loss
CONTROL15,2,179149358,179418022,Loss
CONTROL15,12,73240967,73861432,Gain
CONTROL15,20,13262686,13313846,Gain
CONTROL15,2,32179580,33086200,Gain
CONTROL15,17,46117177,46996640,LOH
CONTROL15,6,6007190,7004695,Gain
CONTROL15,10,88299158,88684306,Gain
CONTROL15,19,19848271,20177826,Gain
CONTROL15,20,16120192,16461725,LOH
CONTROL15,20,37365979,38027596,Gain
CONTROL15,2,116618816,117610004,Gain
CONTROL15,18,44167647,44923093,LOH
CONTROL15,21,22250476,22763585,LOH
CONTROL15,5,31797949,32003976,Loss
CONTROL15,6,133906143,134011056,LOH
CONTROL15,22,49260052,49528953,Loss
CONTROL15,8,112074590,112335775,Loss
CONTROL15,Y,20506299,20971772,Loss
CONTROL15,X,22649036,22977124,Gain
CONTROL15,8,142674462,143372883,LOH
CONTROL15,1,156435750,156607098,Gain
CONTROL15,3,56633721,57067204,Loss
CONTROL15,8,44487700,44564887,Gain
CONTROL15,2,102154209,102599413,LOH
CONTROL15,8,121444363,121954205,Loss
CONTROL15,14,6944436,7396733,LOH
CONTROL15,6,8162291,8912719,LOH
CONTROL15,5,104347698,104925501,LOH
CONTROL15,Y,10849259,11159943,LOH
CONTROL15,17,56446074,57397838,LOH
CONTROL15,3,17035455,17421519,Loss
CONTROL15,4,49940125,50252988,Loss
CONTROL15,15,65211358,65349496,Loss
CONTROL15,5,103281156,103858469,Loss
CONTROL15,1,65303973,66181061,LOH
CONTROL15,4,117682395,118496878,Loss
CONTROL15,14,31453324,31892855,Gain
CONTROL15,16,37554948,38201606,Gain
CONTROL15,22,7414745,8143421,LOH
CONTROL15,10,86607305,86804474,Loss
CONTROL15,5,53140160,54038289,Gain
CONTROL15,21,41269079,41625616,LOH
CONTROL15,19,39454407,40435673,Loss
CONTROL15,14,48934357,49771859,Loss
CONTROL15,11,83079949,83832343,Gain
CONTROL15,17,77385852,77445891,Loss
CONTROL15,20,6754912,7098032,LOH
CONTROL15,10,60128512,60312813,LOH
CONTROL15,10,51359901,52004032,Loss
CONTROL15,18,61032073,62000805,LOH
CONTROL15,21,12113745,13037381,LOH
CONTROL15,19,38133809,38263608,LOH
CONTROL15,1,79024704,79805097,LOH
CONTROL15,19,42329997,42600756,Gain
CONTROL15,7,1143053,1628816,Gain
CONTROL15,7,26318527,26758680,Gain
CONTROL15,11,110295987,110764447,Loss
CONTROL15,22,5112783,5515645,Loss
CONTROL15,15,42259070,42913113,LOH
CONTROL15,18,37992282,38124440,Loss
CONTROL15,X,127624473,127718488,Gain
CONTROL15,18,28170090,28321168,LOH
CONTROL15,6,65755529,66153457,Loss
CONTROL15,1,1302194,1933208,Loss
CONTROL15,X,129002595,129649364,Loss
CONTROL15,20,59587669,60158422,Gain
CONTROL15,18,63463004,63855697,Gain
CONTROL15,5,132557478,133004321,Loss
CONTROL15,13,51664955,52075581,Loss
CONTROL15,6,33942253,34165979,Gain
CONTROL15,11,2329475,2808151,Loss
CONTROL15,11,9629507,10375295,Loss
CONTROL15,18,44361899,45247094,LOH
CONTROL15,5,82961777,83419153,Loss
CONTROL15,Y,3094480,3264520,Gain
CONTROL15,Y,33209286,34020913,Loss
CONTROL15,9,5736348,5799788,Gain
CONTROL15,16,75648564,76099882,Gain
CONTROL15,5,44688817,45113082,Gain
CONTROL15,7,66041408,66311354,Loss
CONTROL15,4,186623794,187054462,Loss
CONTROL15,18,64959004,65003738,Loss
CONTROL15,2,24862243,24929926,LOH
CONTROL15,11,66333012,67071176,Gain
CONTROL15,14,24551977,25155039,LOH
CONTROL15,13,45386145,45758504,Loss
CONTROL15,15,55228794,55388335,Loss
CONTROL15,5,175499444,176320510,Loss
CONTROL15,8,22195718,23172098,Gain
CONTROL15,15,47734189,47921990,Gain
CONTROL15,5,114878509,115006741,LOH
CONTROL15,7,98701688,98763338,Loss
CONTROL15,16,26140580,26338555,Loss
CONTROL15,X,29555602,29913304,LOH
CONTROL15,21,45437783,46150467,LOH
CONTROL16,X,77038541,77382023,Gain
CONTROL16,15,89618696,90023408,Loss
CONTROL16,Y,6503656,7366888,Loss
CONTROL16,17,31544778,31688237,LOH
CONTROL16,3,53075585,53203318,LOH
CONTROL16,1,112186334,112447986,Loss
CONTROL16,15,95532343,95618059,Loss
CONTROL16,9,36703472,37114886,LOH
CONTROL16,18,41290524,41674779,LOH
CONTROL16,14,37947158,38808200,Loss
CONTROL16,22,2215416,2749331,Gain
CONTROL16,22,33557326,34434902,Gain
CONTROL16,8,43121349,43283871,Gain
CONTROL16,9,57952442,58553121,Gain
CONTROL16,8,141220685,141655222,Loss
CONTROL16,9,97062182,97941349,Gain
CONTROL16,20,4624995,5611374,Gain
CONTROL16,15,2776686,2832271,Loss
CONTROL16,14,70570604,71431996,Loss
CONTROL16,16,83045573,83484811,LOH
CONTROL16,6,136724292,136874180,LOH
CONTROL16,X,91589242,91613787,LOH
CONTROL16,16,52661592,53205953,LOH
CONTROL16,X,76132015,76566265,LOH
CONTROL16,10,100746168,101701098,Gain
CONTROL16,8,100238295,100743030,Loss
CONTROL16,6,143911018,144683387,LOH
CONTROL16,20,38878341,39236678,Loss
CONTROL16,10,128820665,128891889,Gain
CONTROL16,11,48669502,49585966,LOH
CONTROL16,5,156542885,156799684,Loss
CONTROL16,5,147176979,148029905,Loss
CONTROL16,14,91044868,92002461,LOH
CONTROL16,2,175131797,175838659,Loss
CONTROL16,18,37315526,37896765,Gain
CONTROL16,1,168334195,169155456,Loss
CONTROL16,14,85939860,86340313,LOH
CONTROL16,8,116968495,117133465,Gain
CONTROL16,7,53603186,54389121,Gain
CONTROL16,3,33537573,33738660,Loss
CONTROL16,20,21499967,21758614,Gain
CONTROL16,20,32944002,33464557,Loss
CONTROL16,5,146628749,147418105,LOH
CONTROL16,6,89022195,89820278,LOH
CONTROL16,Y,4164168,4868916,Loss
CONTROL16,18,65773949,66504678,LOH
CONTROL16,5,75283772,75764588,Gain
CONTROL16,Y,8049358,9004005,LOH
CONTROL16,2,122916293,123013115,Gain
CONTROL16,4,173891621,174089277,Loss
CONTROL16,2,27672851,28587222,Gain
CONTROL16,7,129020701,129093921,Gain
CONTROL16,11,111164744,112143690,Loss
CONTROL16,7,140115478,140897121,LOH
CONTROL16,1,28457218,29441494,Loss
CONTROL16,18,40652264,41467557,Gain
CONTROL16,18,51783326,52482854,Gain
CONTROL16,22,12756429,13213349,Gain
CONTROL16,11,920866,1664432,LOH
CONTROL16,13,84894449,85354908,Gain
CONTROL16,9,93890571,93949725,Loss
CONTROL16,9,50667734,50685600,LOH
CONTROL16,4,18661779,19328620,LOH
CONTROL16,2,231223935,232193802,Gain
CONTROL16,12,78520303,79356142,Gain
CONTROL16,1,126292183,127270618,Loss
CONTROL16,3,65229638,66145895,LOH
CONTROL16,5,133150431,133363033,LOH
CONTROL16,4,179547367,179669597,Loss
CONTROL16,18,72391651,73192994,Loss
CONTROL16,15,62865302,63847000,LOH
CONTROL16,22,47128809,47645725,Gain
CONTROL16,13,89808217,89838969,Gain
CONTROL16,21,23735434,23773772,Loss
CONTROL16,22,7663521,7855733,LOH
CONTROL16,9,46321291,47072137,LOH
CONTROL16,19,40522763,40730517,Gain
CONTROL16,Y,4076947,4097480,Gain
CONTROL16,4,132848988,132942053,LOH
CONTROL16,X,55754756,56296441,Loss
CONTROL16,17,25305345,25715337,LOH
CONTROL16,16,8383082,9015878,Loss
CONTROL16,3,936587,1167321,Loss
CONTROL16,13,111565725,112081411,Gain
CONTROL16,17,1694598,2172995,LOH
CONTROL16,14,59855758,60704145,LOH
CONTROL16,9,16583683,17290659,Loss
CONTROL16,15,82066571,83005943,LOH
CONTROL16,17,48102160,49049301,Loss
CONTROL16,3,176358465,176718993,Loss
CONTROL16,7,151709385,152492443,Gain
CONTROL16,13,16851532,17036772,LOH
CONTROL16,13,47917447,48728062,Gain
CONTROL16,18,5724804,6481363,LOH
CONTROL16,19,39279977,39334520,LOH
CONTROL16,18,34635006,34950549,LOH
CONTROL16,22,40110625,40927937,Gain
CONTROL16,7,2459674,3141291,Gain
CONTROL16,18,62805134,63224938,Loss
CONTROL16,8,70286554,70531423,Gain
CONTROL16,3,156584996,157242879,Gain
CONTROL17,11,106940661,107603534,LOH
CONTROL17,16,29853681,30380408,Loss
CONTROL17,20,45624788,46117219,LOH
CONTROL17,14,101969908,102215420,LOH
CONTROL17,14,34059273,34507767,LOH
CONTROL17,4,100740285,101306641,Gain
CONTROL17,6,97796033,97892661,LOH
CONTROL17,18,14434192,15299269,Loss
CONTROL17,2,129899051,130278531,LOH
CONTROL17,7,131212314,131615330,Loss
CONTROL17,Y,52559195,53466219,Loss
CONTROL17,X,131670552,131821005,Loss
CONTROL17,1,38749267,39055536,Loss
CONTROL17,2,63618180,64062288,Gain
CONTROL17,14,42889455,43358116,Gain
CONTROL17,3,133835681,134521779,Gain
CONTROL17,19,36854029,37484088,Gain
CONTROL17,13,101835472,101972099,Loss
CONTROL17,12,82338256,82377303,Gain
CONTROL17,4,64109947,64999496,Gain
CONTROL17,13,35082881,35948112,Gain
CONTROL17,17,57089018,57489471,LOH
CONTROL17,8,15975342,16621232,Loss
CONTROL17,1,102082030,102547797,Gain
CONTROL17,14,104628293,104894574,Gain
CONTROL17,21,10573023,11224123,Loss
CONTROL17,2,129856276,130772325,Loss
CONTROL17,22,12898218,13713525,LOH
CONTROL17,6,11350186,11515977,Gain
CONTROL17,15,66786099,67567651,Gain
CONTROL17,13,15933961,15964274,Gain
CONTROL17,4,26406666,27359858,Gain
CONTROL17,2,216422056,216921848,Loss
CONTROL17,8,144111942,144968474,Loss
CONTROL17,5,122733222,123578999,LOH
CONTROL17,7,43802856,43979178,LOH
CONTROL17,15,91883041,92225129,LOH
CONTROL17,3,108912018,109079009,Loss
CONTROL17,10,26627784,27360783,Gain
CONTROL17,4,24982873,25898858,Gain
CONTROL17,15,20483200,21049362,Gain
CONTROL17,14,1312711,1825005,Loss
CONTROL17,19,37742905,38097122,LOH
CONTROL17,19,36835882,37312846,Loss
CONTROL17,19,24529608,24729268,Loss
CONTROL17,21,31431605,31856527,Loss
CONTROL17,12,63132087,63700183,LOH
CONTROL17,6,88329403,89124099,Loss
CONTROL17,X,71535754,72462546,Loss
CONTROL17,4,47066939,47525144,LOH
CONTROL17,13,61317409,61556566,Loss
CONTROL17,12,41602881,42081881,Gain
CONTROL17,15,47523031,48475527,LOH
CONTROL17,13,28785319,29363480,Loss
CONTROL17,Y,53112236,54019264,Loss
CONTROL17,18,26950539,27690094,Gain
CONTROL17,20,51498549,51517661,Gain
CONTROL17,8,93159002,94007102,Loss
CONTROL17,17,59989849,60711951,Loss
CONTROL17,2,8942036,9171002,Loss
CONTROL17,4,159841871,159880667,Loss
CONTROL17,6,48127929,48450182,Gain
CONTROL17,13,71588002,72407404,Gain
CONTROL17,19,56690222,57231114,Gain
CONTROL17,X,72878857,73703433,Loss
CONTROL17,1,75696941,75790934,Gain
CONTROL17,20,47948237,48367131,Gain
CONTROL17,4,165753135,166526011,Loss
CONTROL17,8,110463857,111073014,Gain
CONTROL17,17,36388321,37302111,LOH
CONTROL17,15,88485272,88594366,Gain
CONTROL17,11,71908227,72797256,LOH
CONTROL17,8,28441487,28670569,Gain
CONTROL17,3,148175869,149020967,Gain
CONTROL17,3,114349453,114443086,Gain
CONTROL17,2,140049764,140616322,LOH
CONTROL17,3,62035657,62535401,LOH
CONTROL17,21,30551462,31126101,Gain
CONTROL17,19,24451211,24642700,LOH
CONTROL17,5,161442352,161592851,Gain
CONTROL17,13,31515415,32259801,Gain
CONTROL17,8,85587199,86040785,LOH
CONTROL17,7,26723491,27307516,LOH
CONTROL17,19,33070081,34027340,Gain
CONTROL17,18,47434167,47991756,LOH
CONTROL17,22,28673818,29653974,Gain
CONTROL17,17,57217000,57535978,Loss
CONTROL17,12,31160361,31733854,Gain
CONTROL17,X,16422376,16821397,Gain
CONTROL17,16,82199,1020918,LOH
CONTROL17,8,15857637,16280972,Gain
CONTROL17,15,31576138,32116602,Loss
CONTROL17,3,21083551,22074728,Gain
CONTROL17,Y,47271667,47854639,LOH
CONTROL17,1,8933814,9599647,Gain
CONTROL17,20,35205264,35353803,Gain
CONTROL17,12,19724268,20263506,Loss
CONTROL17,12,290281,329500,Loss
CONTROL17,3,162637161,163552530,Gain
CONTROL17,16,46145133,46637824,Gain
CONTROL17,X,64423374,65351835,LOH
CONTROL18,3,123768524,124012311,Gain
CONTROL18,12,87179941,87230668,Loss
CONTROL18,1,23002302,23802564,Gain
CONTROL18,12,125269673,125401217,Loss
CONTROL18,14,30114875,30248192,Gain
CONTROL18,20,31161788,32034383,LOH
CONTROL18,15,31303375,31756008,Loss
CONTROL18,Y,43958448,44012223,LOH
CONTROL18,6,90875400,91680091,Loss
CONTROL18,11,54327990,54363236,Gain
CONTROL18,X,23454414,23893612,Loss
CONTROL18,19,1243264,1588463,Gain
CONTROL18,8,51414420,51524284,Gain
CONTROL18,6,86020503,86807758,Gain
CONTROL18,15,59159294,60131452,Loss
CONTROL18,13,102462284,103022336,Loss
CONTROL18,21,40158246,40586009,Loss
CONTROL18,2,53667293,54116185,Loss
CONTROL18,4,79683203,80348833,Loss
CONTROL18,5,16468772,16850473,LOH
CONTROL18,20,36052526,36404433,Gain
CONTROL18,10,97741066,98368283,Gain
CONTROL18,7,71997529,72615364,LOH
CONTROL18,11,80374300,80730656,LOH
CONTROL18,7,53596926,54263580,Gain
CONTROL18,14,48040781,48522809,Gain
CONTROL18,6,148623093,148971922,LOH
CONTROL18,22,27984341,28325933,Gain
CONTROL18,12,50535068,51402169,Gain
CONTROL18,5,29065198,29665079,Loss
CONTROL18,2,200780499,201473468,Loss
CONTROL18,19,49649738,50514523,LOH
CONTROL18,3,29358917,29590474,Gain
CONTROL18,10,43132434,43561393,LOH
CONTROL18,17,40015074,40720948,Gain
CONTROL18,4,109244673,109769611,LOH
CONTROL18,3,6696450,7198597,Gain
CONTROL18,8,19526481,19900011,Loss
CONTROL18,15,1542208,2492065,Loss
CONTROL18,12,10911121,11553067,Loss
CONTROL18,Y,15834388,16132047,Gain
CONTROL18,16,37038976,38029881,Gain
CONTROL18,7,64750900,65366196,Loss
CONTROL18,16,64713117,65338028,Gain
CONTROL18,8,120618988,121161063,LOH
CONTROL18,4,185911121,186371707,LOH
CONTROL18,9,124043582,124168189,Loss
CONTROL18,10,53098841,53650671,Gain
CONTROL18,18,65434032,66351413,Gain
CONTROL18,21,34523927,34959318,LOH
CONTROL18,4,176522330,176662541,Gain
CONTROL18,14,80189235,80927866,Loss
CONTROL18,5,1988019,2650672,LOH
CONTROL18,15,18546415,18916271,Loss
CONTROL18,14,66902002,67277738,LOH
CONTROL18,2,217951019,218381365,LOH
CONTROL18,5,76486259,77270749,Loss
CONTROL18,13,113608342,113737465,LOH
CONTROL18,15,22379808,22687452,Loss
CONTROL18,19,588344,1357620,Loss
CONTROL18,22,47300077,47956630,Loss
CONTROL18,3,16614730,17544523,LOH
CONTROL18,7,157718305,158449818,Gain
CONTROL18,9,95398898,96335847,Gain
CONTROL18,13,94348308,94771406,Gain
CONTROL18,10,83706084,83782630,Gain
CONTROL18,15,22991558,23531771,LOH
CONTROL18,5,147737632,148186222,LOH
CONTROL18,10,75465696,76129292,Loss
CONTROL18,X,71621950,72313134,Loss
CONTROL18,8,12163653,12740815,Gain
CONTROL18,14,91173010,91620594,Loss
CONTROL18,X,88738151,89531315,Loss
CONTROL18,3,82439091,83143335,LOH
CONTROL18,9,15261365,15496991,Gain
CONTROL18,6,30854538,31202075,Gain
CONTROL18,15,24272956,25269559,Gain
CONTROL18,1,112990054,113900768,Loss
CONTROL18,7,110142041,111063227,Gain
CONTROL18,8,144449690,145430642,LOH
CONTROL18,11,29372207,29759927,LOH
CONTROL18,15,51707387,51975104,LOH
CONTROL18,18,19579010,20245042,LOH
CONTROL18,3,8393086,9256020,LOH
CONTROL18,18,4566812,5158916,LOH
CONTROL18,16,41442548,42033149,Gain
CONTROL18,21,344866,1007794,Gain
CONTROL18,Y,52237831,52831796,LOH
CONTROL18,5,99115576,99772689,LOH
CONTROL18,1,43257753,43702472,Loss
CONTROL18,14,40390482,40453234,LOH
CONTROL18,20,25461273,25962747,Loss
CONTROL18,8,143143204,143567123,Loss
CONTROL18,20,57073633,57513333,Loss
CONTROL18,5,132545591,133448291,Gain
CONTROL18,17,22730592,23718738,LOH
CONTROL18,9,77263420,78046689,Loss
CONTROL18,1,132571476,133157008,LOH
CONTROL18,8,21574280,22349110,LOH
CONTROL18,5,31641157,31764684,Loss
CONTROL18,3,79899404,80578719,Gain
CONTROL19,Y,50761321,51409297,LOH
CONTROL19,14,16454405,16587978,Gain
CONTROL19,8,132854848,133333455,Gain
CONTROL19,12,80455347,81142579,LOH
CONTROL19,22,31232135,31456951,Loss
CONTROL19,14,50829570,50998869,Gain
CONTROL19,11,76152683,76238661,Gain
CONTROL19,15,69251888,70002168,LOH
CONTROL19,10,99734867,100132981,Loss
CONTROL19,18,10762141,11478259,Loss
CONTROL19,X,117191996,117453749,LOH
CONTROL19,13,58600868,59077506,LOH
CONTROL19,16,26939967,27096793,LOH
CONTROL19,X,47796711,48298808,Gain
CONTROL19,5,154656906,155074780,Loss
CONTROL19,18,39143150,39552061,Gain
CONTROL19,21,31810868,31997576,Gain
CONTROL19,X,110093549,110819088,LOH
CONTROL19,12,100123659,100788402,Loss
CONTROL19,X,102014932,102109901,LOH
CONTROL19,19,6941123,7874040,Loss
CONTROL19,3,30447570,30999450,Gain
CONTROL19,18,14243312,14511506,Loss
CONTROL19,Y,7040888,7926675,LOH
CONTROL19,X,30826568,30850656,LOH
CONTROL19,19,55917289,56792874,Gain
CONTROL19,22,21225771,21464120,LOH
CONTROL19,X,45170347,45602158,LOH
CONTROL19,4,165442268,166162328,Gain
CONTROL19,10,14305194,15125563,LOH
CONTROL19,17,45228298,45654020,LOH
CONTROL19,15,42036433,42594029,Gain
CONTROL19,22,41632262,42612867,LOH
CONTROL19,4,87687238,87735940,Gain
CONTROL19,12,40222183,40561834,Loss
CONTROL19,2,13735011,14411878,Gain
CONTROL19,13,18742270,19617952,Loss
CONTROL19,13,112134353,112829444,Loss
CONTROL19,11,114230438,114996818,LOH
CONTROL19,Y,8338247,8829857,Loss
CONTROL19,1,56651491,56914723,Loss
CONTROL19,18,35760638,36572525,LOH
CONTROL19,7,114135219,115003820,Loss
CONTROL19,21,1813620,2265971,Gain
CONTROL19,11,3988315,4975213,LOH
CONTROL19,6,97254328,97715360,Loss
CONTROL19,12,50479781,51405719,Loss
CONTROL19,17,10349329,10720058,LOH
CONTROL19,12,62648433,62793444,Gain
CONTROL19,2,194816921,195193555,Loss
CONTROL19,3,156290029,156367489,LOH
CONTROL19,4,46328590,47253916,Gain
CONTROL19,1,138345826,138817782,Loss
CONTROL19,Y,23547032,23872523,Gain
CONTROL19,12,30350822,30683850,Gain
CONTROL19,1,12753993,13619252,LOH
CONTROL19,17,78503277,78654742,Loss
CONTROL19,17,9867455,10730004,Gain
CONTROL19,15,54556157,55352301,Loss
CONTROL19,15,25378440,25619917,Gain
CONTROL19,17,24007450,24076925,LOH
CONTROL19,10,52049943,52404724,LOH
CONTROL19,3,114459405,115084795,Gain
CONTROL19,Y,47220662,48140176,Loss
CONTROL19,9,132223943,132355735,Gain
CONTROL19,17,76762901,77306177,Loss
CONTROL19,10,36752915,37066521,Gain
CONTROL19,11,24378196,24841370,LOH
CONTROL19,11,59282905,60027886,LOH
CONTROL19,20,2199790,2769460,Gain
CONTROL19,22,25842728,26055933,Gain
CONTROL19,2,171859261,172365959,LOH
CONTROL19,Y,21446930,21574932,LOH
CONTROL19,11,19404759,19697891,LOH
CONTROL19,6,155499929,156305935,LOH
CONTROL19,6,109551586,109642649,Gain
CONTROL19,2,214609989,214755463,Gain
CONTROL19,8,53593109,54003692,Loss
CONTROL19,6,94316682,95290500,Loss
CONTROL19,9,119169487,119935556,LOH
CONTROL19,10,53664582,53685786,Loss
CONTROL19,6,7235492,7658993,Loss
CONTROL19,18,2540678,3417471,Gain
CONTROL19,6,163837399,164174024,LOH
CONTROL19,19,13619692,14515204,LOH
CONTROL19,12,42931847,43032084,LOH
CONTROL19,19,7154575,7375444,Gain
CONTROL19,2,236177779,236328611,LOH
CONTROL19,22,8206992,9106590,Gain
CONTROL19,8,140035084,140087011,LOH
CONTROL19,4,73326267,74303682,Loss
CONTROL19,19,62773680,63588348,Loss
CONTROL19,14,20672547,21569985,Gain
CONTROL19,19,44066466,44913918,LOH
CONTROL19,6,145914034,146309991,LOH
CONTROL19,Y,41757155,41809163,Gain
CONTROL19,19,33009039,33698811,Loss
CONTROL19,12,100368031,101095638,Loss
CONTROL19,2,192850755,192933085,Loss
CONTROL19,9,105748930,106158533,LOH
CONTROL19,5,162275709,162717979,Gain
CONTROL20,X,82069752,82682795,Gain
CONTROL20,10,9556193,10416498,Gain
CONTROL20,20,11008473,11744906,Loss
CONTROL20,17,41759866,42148487,Gain
CONTROL20,20,59252446,60188680,Gain
CONTROL20,20,16501326,16794373,Loss
CONTROL20,X,76750453,76849310,Gain
CONTROL20,16,40639012,41097571,LOH
CONTROL20,3,22326013,22986328,Gain
CONTROL20,11,76569303,76590343,Loss
CONTROL20,18,71015041,71911915,LOH
CONTROL20,21,28543076,28888846,LOH
CONTROL20,18,20491840,21103229,LOH
CONTROL20,Y,8113847,8253541,Loss
CONTROL20,Y,32608729,32829911,LOH
CONTROL20,8,26120220,26548760,Loss
CONTROL20,Y,48386242,48503899,Gain
CONTROL20,6,130555892,130624303,Loss
CONTROL20,17,36962480,37227043,Loss
CONTROL20,22,38080814,38303758,Gain
CONTROL20,13,67662509,67999732,LOH
CONTROL20,1,105209107,105914391,Loss
CONTROL20,6,145785402,146601931,Gain
CONTROL20,19,1678668,2617320,Gain
CONTROL20,9,106617957,107546718,Gain
CONTROL20,18,73177976,74041971,Loss
CONTROL20,8,135959774,136558066,LOH
CONTROL20,19,7152562,7365009,Gain
CONTROL20,7,140539927,141398742,LOH
CONTROL20,11,85539823,86054703,Gain
CONTROL20,12,83703983,84238178,LOH
CONTROL20,4,157685036,158019885,Loss
CONTROL20,17,14620580,14689259,LOH
CONTROL20,8,6382519,7322186,LOH
CONTROL20,1,28795010,29252741,LOH
CONTROL20,20,29716277,29902416,LOH
CONTROL20,X,71437043,71857403,Loss
CONTROL20,10,80826764,81170920,Loss
CONTROL20,12,77624027,77871694,Loss
CONTROL20,1,196526594,196661242,LOH
CONTROL20,19,14915232,14951364,LOH
CONTROL20,19,41473158,41566073,Loss
CONTROL20,6,17763183,18061227,Gain
CONTROL20,16,12890505,13728853,Loss
CONTROL20,9,91485516,92207450,Loss
CONTROL20,8,78619675,78809815,Gain
CONTROL20,21,32063401,32697673,Gain
CONTROL20,22,22062813,22982174,Gain
CONTROL20,5,68249008,69130746,LOH
CONTROL20,8,106388093,106413160,Gain
CONTROL20,11,83257107,83333381,Loss
CONTROL20,21,19609019,19639554,LOH
CONTROL20,7,107396858,107479221,LOH
CONTROL20,18,54283980,55010797,Gain
CONTROL20,9,20800130,21452448,Gain
CONTROL20,14,31061840,31307390,Gain
CONTROL20,6,75875427,76647095,LOH
CONTROL20,18,39301702,40125653,LOH
CONTROL20,7,4740618,5663841,Gain
CONTROL20,5,133113765,133970580,LOH
CONTROL20,13,87872196,87956757,Loss
CONTROL20,8,50895607,51882293,Gain
CONTROL20,13,96652722,96962569,Loss
CONTROL20,13,105237923,105449120,LOH
CONTROL20,5,129367858,130348104,Loss
CONTROL20,14,30696399,31409647,Loss
CONTROL20,21,12749314,13026321,Gain
CONTROL20,7,17295638,17639738,Gain
CONTROL20,17,53871459,54177050,LOH
CONTROL20,14,32053657,32995504,Gain
CONTROL20,X,30264553,31180099,Gain
CONTROL20,19,20855041,21135669,Loss
CONTROL20,6,42914443,43396961,Loss
CONTROL20,19,16734137,16897609,Gain
CONTROL20,20,57716200,57977239,Gain
CONTROL20,18,14005801,14940164,Loss
CONTROL20,4,89382822,90026659,Gain
CONTROL20,Y,22291360,22551713,Gain
CONTROL20,1,91687129,91991816,LOH
CONTROL20,13,39018815,39432029,LOH
CONTROL20,1,78955145,79045114,LOH
CONTROL20,8,50782581,51756212,Gain
CONTROL20,3,131895103,132447681,Loss
CONTROL20,2,153065573,153170777,Gain
CONTROL20,14,85496482,85946356,Gain
CONTROL20,4,102773088,103112796,Loss
CONTROL20,7,18836925,19128249,LOH
CONTROL20,6,2396209,2581277,Loss
CONTROL20,8,11068298,11136482,Loss
CONTROL20,14,16295456,16377476,LOH
CONTROL20,11,59011907,59404129,LOH
CONTROL20,4,181820216,182028701,LOH
CONTROL20,10,43182354,44180218,Loss
CONTROL20,X,11321889,12161045,Gain
CONTROL20,17,6682233,7493913,Gain
CONTROL20,1,56674411,57248514,Loss
CONTROL20,3,140470163,140889971,Gain
CONTROL20,1,188402718,188878467,LOH
CONTROL20,19,27768502,28084539,Loss
CONTROL20,3,31647397,32309536,LOH
CONTROL20,16,31403840,32067630,Loss
CONTROL21,3,84281687,85015444,Loss
CONTROL21,15,22752528,22969887,LOH
CONTROL21,5,65348104,65496159,Loss
CONTROL21,9,10377513,10952054,LOH
CONTROL21,13,76223657,76234097,Loss
CONTROL21,16,38669668,39323820,Gain
CONTROL21,14,41229183,41343820,Gain
CONTROL21,5,45893056,46720586,Gain
CONTROL21,22,47261347,47732820,Loss
CONTROL21,9,87518639,87874034,LOH
CONTROL21,22,4244743,4952050,Loss
CONTROL21,19,41055637,41748599,Loss
CONTROL21,3,168391917,168538318,LOH
CONTROL21,8,70619518,71141662,LOH
CONTROL21,11,73862136,74453527,Loss
CONTROL21,2,112137179,112777658,Loss
CONTROL21,8,134617676,134674667,Loss
CONTROL21,6,122994808,123230249,Gain
CONTROL21,7,55938879,56890359,LOH
CONTROL21,Y,30735270,31620588,LOH
CONTROL21,7,1133791,1180621,LOH
CONTROL21,12,7862697,8676894,Loss
CONTROL21,1,244947518,245778452,LOH
CONTROL21,6,55567795,55672553,LOH
CONTROL21,13,40382726,40763014,Loss
CONTROL21,5,76160754,76437433,LOH
CONTROL21,4,4163962,4538136,Loss
CONTROL21,21,28246380,28677589,Loss
CONTROL21,X,24161040,24240262,LOH
CONTROL21,12,31514748,31744932,Loss
CONTROL21,18,22597758,22888297,Gain
CONTROL21,18,51857047,52828959,LOH
CONTROL21,17,50224061,50319223,Gain
CONTROL21,20,25344865,25736723,Gain
CONTROL21,8,120060112,120621541,Gain
CONTROL21,15,95522442,96167718,LOH
CONTROL21,3,112062188,112267883,Loss
CONTROL21,20,60479907,61221708,Loss
CONTROL21,Y,18069281,18832564,LOH
CONTROL21,17,49376988,50175831,Gain
CONTROL21,5,178705811,179183954,Gain
CONTROL21,2,38972277,39409118,Gain
CONTROL21,14,34149623,34979263,Gain
CONTROL21,7,144593404,145586830,Loss
CONTROL21,10,32865894,33008400,Gain
CONTROL21,12,78763952,79136848,Gain
CONTROL21,1,132320339,133166289,LOH
CONTROL21,6,15830059,16755959,Loss
CONTROL21,18,69525104,69637181,Gain
CONTROL21,17,27236549,27411211,Loss
CONTROL21,20,23957957,24256047,Loss
CONTROL21,14,101447749,101672154,Gain
CONTROL21,22,20917312,21560498,Loss
CONTROL21,12,8678414,8997575,LOH
CONTROL21,11,123599529,124488024,Gain
CONTROL21,8,121422336,121467299,LOH
CONTROL21,15,53588903,54410712,Gain
CONTROL21,3,117709145,118113716,Gain
CONTROL21,14,85412870,85896839,LOH
CONTROL21,22,26209463,27140605,LOH
CONTROL21,6,141471305,141786116,Gain
CONTROL21,17,9446230,10147636,Gain
CONTROL21,14,100542630,101394510,LOH
CONTROL21,22,30206153,30666709,LOH
CONTROL21,1,55775400,56471375,LOH
CONTROL21,3,198607968,198869333,Gain
CONTROL21,21,11362018,12192960,Loss
CONTROL21,6,328316,1238318,Loss
CONTROL21,15,79478613,79991247,Gain
CONTROL21,21,38695506,38947488,Loss
CONTROL21,X,124689986,125327197,Gain
CONTROL21,11,35771053,36064439,Gain
CONTROL21,17,16417531,16721088,LOH
CONTROL21,13,4905994,5043970,LOH
CONTROL21,11,25708646,26259542,Gain
CONTROL21,6,39899607,39971619,Loss
CONTROL21,22,16475028,17154410,LOH
CONTROL21,12,36664882,37216362,Gain
CONTROL21,18,65982200,66011130,Gain
CONTROL21,Y,27915964,28144305,Gain
CONTROL21,Y,5017294,5897737,LOH
CONTROL21,3,191146528,191764808,Gain
CONTROL21,10,36755059,36787867,LOH
CONTROL21,6,165181723,165993700,Gain
CONTROL21,13,12675220,12909405,Loss
CONTROL21,15,8436934,8981941,Loss
CONTROL21,15,50548229,50883243,Loss
CONTROL21,9,137322208,137803228,Gain
CONTROL21,9,31346139,31991922,Loss
CONTROL21,21,40470509,40586239,Loss
CONTROL21,2,204174808,204650949,Loss
CONTROL21,2,171776599,172015988,Gain
CONTROL21,1,210878202,211689740,Loss
CONTROL21,21,41755187,41886235,Gain
CONTROL21,X,22911453,23840197,LOH
CONTROL21,1,157040844,157728797,Loss
CONTROL21,6,167747049,168008950,LOH
CONTROL21,7,144302950,145233061,LOH
CONTROL21,18,57517610,58317976,LOH
CONTROL21,17,55713838,55961764,Gain
CONTROL21,4,180420186,181156611,Gain
CONTROL12,4,3002516,3316543,Gain
CONTROL13,4,2983694,3351748,Gain
CONTROL14,17,41595236,41856166,Gain
CONTROL10,17,41657735,41828892,Gain
CONTROL8,18,4603657,5220122,Loss
CONTROL22,18,4656161,5201160,Loss
CONTROL12,18,4621251,5202185,Loss
CONTROL2,18,4674993,5251625,Loss
CONTROL11,18,4689545,5194835,Loss
CONTROL14,18,4617933,5217668,Loss
CONTROL19,18,4645969,5253307,Loss
CONTROL15,18,4655672,5172793,Loss
CONTROL13,18,4673592,5256555,Loss
CONTROL20,18,4684581,5226828,Loss
CONTROL17,18,4671077,5191008,Loss
CONTROL9,18,4676454,5215626,Loss
CONTROL3,18,4684416,5181943,Loss
CONTROL6,18,4668225,5160718,Loss
CONTROL5,18,4629120,5185240,Loss
CONTROL18,18,4619019,5249435,Loss
CONTROL16,18,4662621,5188651,Loss
CONTROL7,18,4621811,5219710,Loss
CONTROL4,18,4633541,5251467,Loss
