patient,chr,start,end,type
CASE1,11,12611660,12902008,LOH
CASE1,Y,31623109,32225521,LOH
CASE1,8,15199931,15238875,LOH
CASE1,1,116507114,116697901,Loss
CASE1,18,33288382,34071926,Loss
CASE1,19,19483990,20284356,Loss
CASE1,8,13414416,13767254,LOH
CASE1,8,123090304,123197589,Loss
CASE1,22,4616642,5480296,Loss
CASE1,22,238864,663984,LOH
CASE1,21,37857308,38684278,Gain
CASE1,19,46793335,47734292,LOH
CASE1,11,68711652,69025433,Loss
CASE1,4,134442286,134607984,LOH
CASE1,18,24733053,25582546,Loss
CASE1,6,117912058,118053019,Gain
CASE1,22,38895682,39393394,Loss
CASE1,X,117579884,118016740,LOH
CASE1,17,6734196,7564582,Loss
CASE1,4,90025565,90531221,Loss
CASE1,19,9366006,9652815,LOH
CASE1,19,39798344,40142385,Gain
CASE1,3,190627545,190892053,Gain
CASE1,10,122142082,122413624,Gain
CASE1,10,50833974,50901595,Gain
CASE1,18,63638234,63985984,Gain
CASE1,5,10587471,11412845,Loss
CASE1,1,59052261,59068918,Loss
CASE1,18,71323732,71667721,LOH
CASE1,16,78535343,79512025,LOH
CASE1,22,19939233,20124259,LOH
CASE1,19,59049616,59245425,Gain
CASE1,11,108508920,109175410,Loss
CASE1,5,120080660,121002204,LOH
CASE1,22,35290149,36129910,Loss
CASE1,18,16653172,16822017,LOH
CASE1,10,60107433,60927260,Loss
CASE1,3,89170652,89351422,LOH
CASE1,9,28135729,28378430,LOH
CASE1,12,109273196,110103811,Gain
CASE1,4,18393423,18737730,Loss
CASE1,12,46057671,46749835,LOH
CASE1,8,108940802,109365235,Loss
CASE1,9,128668880,129435032,Loss
CASE1,3,123241145,124209093,Gain
CASE1,8,74165564,74720210,Gain
CASE1,1,113846639,114627154,Gain
CASE1,17,40708205,41496457,LOH
CASE1,4,41606205,42266381,Loss
CASE1,3,50315414,50333458,Loss
CASE1,11,14927772,14946018,Loss
CASE1,1,206364347,206571704,LOH
CASE1,6,22703053,23575564,Loss
CASE1,12,31950221,32421323,Gain
CASE1,22,41272233,41483040,Loss
CASE1,10,69031691,69412687,LOH
CASE1,6,1557385,2474904,LOH
CASE1,16,82902602,83231620,Loss
CASE1,11,3818062,4266237,Gain
CASE1,9,22277465,22417918,Loss
CASE1,1,166915806,167016390,Loss
CASE1,17,21002707,21321223,LOH
CASE1,5,45245746,45380041,LOH
CASE1,7,92360028,92960729,Gain
CASE1,3,194792079,195424077,Gain
CASE1,16,18582076,19400771,LOH
CASE1,11,20636528,21339323,Gain
CASE1,15,46276505,46866150,Loss
CASE1,9,18849041,19808746,Loss
CASE1,3,96020522,96189160,Loss
CASE1,13,18730562,19476196,Gain
CASE1,8,95145073,95836224,Loss
CASE1,5,102350236,103297452,Gain
CASE1,12,45384055,46159396,LOH
CASE1,14,692592,992872,Gain
CASE1,5,54109246,54558759,Loss
CASE1,X,7449931,7564174,Loss
CASE1,7,140972100,141033177,Loss
CASE1,16,47706361,47740723,LOH
CASE1,21,34238618,34389193,Gain
CASE1,21,20847180,21122414,Loss
CASE1,4,176570120,177454221,LOH
CASE1,21,29514112,30508779,Gain
CASE1,Y,31497670,31912486,LOH
CASE1,20,38352815,38916878,Gain
CASE1,16,76507791,77259090,Gain
CASE1,15,56384587,57056712,LOH
CASE1,20,11441934,11636169,LOH
CASE1,9,99249505,99891025,Gain
CASE1,9,11776438,12634404,Gain
CASE1,12,63449070,63763511,LOH
CASE1,1,110068598,110541910,Gain
CASE1,8,128139341,128476297,Gain
CASE1,4,157722369,157967952,Loss
CASE1,7,69378802,70253058,LOH
CASE1,13,77851369,78408607,LOH
CASE1,1,37201305,37383160,Loss
CASE1,3,45790155,46672049,LOH
CASE1,12,25891809,26099560,LOH
CASE1,6,91390137,91634155,LOH
CASE1,1,122387318,122926838,LOH
CASE2,8,54894773,55646476,Loss
CASE2,7,146923777,147102812,Loss
CASE2,14,44197699,44516631,Gain
CASE2,22,15634858,15913587,Gain
CASE2,16,70234453,70440505,Gain
CASE2,11,114127171,114755368,LOH
CASE2,15,87584719,88104688,Gain
CASE2,Y,28691087,29535574,Gain
CASE2,15,99087231,99776823,Loss
CASE2,Y,2410005,2633833,LOH
CASE2,7,121567425,121962865,Loss
CASE2,17,43336049,44303467,LOH
CASE2,19,60464652,60771825,Gain
CASE2,13,106520303,106808778,Loss
CASE2,8,96977919,97012148,Loss
CASE2,6,51571947,52226431,Loss
CASE2,19,35457621,35858264,Gain
CASE2,12,21713190,22609086,LOH
CASE2,8,122745589,123650317,Loss
CASE2,10,35058058,36032329,Gain
CASE2,7,41362803,42041579,Gain
CASE2,5,47356832,47821684,LOH
CASE2,2,60011960,60657945,Loss
CASE2,7,26844413,26877647,Gain
CASE2,17,3439699,3568330,Gain
CASE2,2,241418798,241979803,Loss
CASE2,Y,33756709,34284737,Gain
CASE2,20,54738671,55429821,Gain
CASE2,9,36056222,37010933,Loss
CASE2,11,20557343,21361111,Loss
CASE2,22,44400830,44769742,Gain
CASE2,5,16347462,16440483,Loss
CASE2,3,46035439,47030440,Loss
CASE2,22,16435332,16447985,LOH
CASE2,2,49015527,49868380,LOH
CASE2,21,9398412,9625892,LOH
CASE2,10,56876881,57788698,LOH
CASE2,10,89027110,89840151,Gain
CASE2,9,97122141,97357636,Gain
CASE2,14,6540545,6668734,Loss
CASE2,7,56502005,57030159,LOH
CASE2,Y,40382985,40888277,Loss
CASE2,Y,26886412,27404728,Gain
CASE2,5,35052929,36009427,Gain
CASE2,20,20991446,21844310,Loss
CASE2,2,48934044,49125584,LOH
CASE2,14,56328359,56726729,Gain
CASE2,15,85363021,86190841,LOH
CASE2,16,63765844,64020644,Loss
CASE2,14,81549327,82026472,Gain
CASE2,20,2837789,3721499,Gain
CASE2,5,159005555,159684173,LOH
CASE2,15,16822777,17742712,LOH
CASE2,3,122604329,122900470,Loss
CASE2,Y,15273280,16010805,Gain
CASE2,12,127093463,127724781,Gain
CASE2,7,58218129,59111359,Loss
CASE2,9,22697685,22999406,Loss
CASE2,8,60526563,60704105,Loss
CASE2,18,47447856,48220763,Gain
CASE2,16,68107772,68384234,Loss
CASE2,14,36109163,36891204,Gain
CASE2,13,88484113,89245828,Gain
CASE2,12,36847667,37315767,Gain
CASE2,19,16031384,16736461,LOH
CASE2,19,11769194,12080254,Loss
CASE2,11,31136996,31740120,LOH
CASE2,10,3090969,3583179,Loss
CASE2,1,47159641,47478847,Gain
CASE2,1,90600031,91056321,Loss
CASE2,6,158345802,158731808,Gain
CASE2,21,43504540,44467829,Gain
CASE2,21,9421417,9526134,Loss
CASE2,11,64158397,64748985,LOH
CASE2,Y,17469138,18365426,Gain
CASE2,15,26868682,27761711,Loss
CASE2,Y,2135416,2166090,Loss
CASE2,4,152020746,152464060,Gain
CASE2,12,122076873,123015689,Loss
CASE2,22,37877518,38513776,Loss
CASE2,3,30711740,30807897,Gain
CASE2,22,35029952,35043017,Gain
CASE2,19,58414212,59272534,Gain
CASE2,X,57176129,57281791,LOH
CASE2,12,126688754,127308204,Loss
CASE2,11,92910134,93749920,LOH
CASE2,13,103844034,104460695,Loss
CASE2,17,18735675,19280328,Loss
CASE2,1,219984897,220833557,LOH
CASE2,6,68848027,69525293,LOH
CASE2,6,118015063,118523868,Loss
CASE2,17,46072230,46361385,Gain
CASE2,21,31552554,31892634,Gain
CASE2,6,49771883,49819698,Gain
CASE2,18,32592249,33269346,Gain
CASE2,3,128740626,128848891,Loss
CASE2,11,60628401,61107263,LOH
CASE2,5,72340468,72793370,Gain
CASE2,16,6641729,7590025,Loss
CASE2,3,33576138,34114295,Gain
CASE2,3,81996637,82159168,Gain
CASE3,12,73119443,73504843,Loss
CASE3,13,102480859,103102729,LOH
CASE3,X,45330841,46232646,Loss
CASE3,16,5221565,6125902,LOH
CASE3,20,48771331,48996031,Gain
CASE3,5,107704942,107759777,Loss
CASE3,14,60598962,61048662,Loss
CASE3,1,98715766,98757147,Loss
CASE3,3,92309521,92785609,Gain
CASE3,12,128755028,129127032,LOH
CASE3,13,6193076,7116349,LOH
CASE3,13,56752253,56976056,LOH
CASE3,21,36106342,36447946,LOH
CASE3,21,45532938,46018432,LOH
CASE3,3,87142657,87285568,LOH
CASE3,20,7427,989835,Gain
CASE3,5,135032936,135119925,Loss
CASE3,10,128155906,128840796,Gain
CASE3,9,99342715,99761659,Loss
CASE3,13,25520597,26472950,Loss
CASE3,16,10000464,10270223,LOH
CASE3,11,44971690,45199057,Loss
CASE3,7,89005598,89734499,Gain
CASE3,Y,33762242,33838397,Loss
CASE3,14,66538695,66773908,LOH
CASE3,8,3926624,4218299,LOH
CASE3,7,133302303,134229688,Loss
CASE3,14,16165655,16440792,Loss
CASE3,16,21237510,21577953,Gain
CASE3,12,74278638,74368020,LOH
CASE3,14,92495078,93408130,LOH
CASE3,12,82056153,82748027,Gain
CASE3,1,21611258,21777226,LOH
CASE3,X,112016735,112211259,Gain
CASE3,9,131480271,132087835,Gain
CASE3,17,22814482,23309040,Loss
CASE3,11,79696191,80431210,Loss
CASE3,20,50812473,51714987,LOH
CASE3,14,62460657,63046476,Loss
CASE3,7,97591589,97905613,Gain
CASE3,12,131455785,131980061,LOH
CASE3,13,35973732,36337049,LOH
CASE3,21,35873642,36251220,Gain
CASE3,1,183341538,183949611,Gain
CASE3,11,13063494,13975848,Loss
CASE3,4,8596527,8625880,Loss
CASE3,17,68699221,68999214,Gain
CASE3,X,128785969,128991480,Loss
CASE3,11,60306471,60519791,Loss
CASE3,18,67353185,67940288,Gain
CASE3,X,137745378,138231142,Gain
CASE3,22,25616470,25745203,Loss
CASE3,11,111585914,111700576,Loss
CASE3,4,26140557,26287723,LOH
CASE3,Y,52401928,52515472,Gain
CASE3,7,133053569,133691717,LOH
CASE3,20,9971176,10924337,Gain
CASE3,22,11269515,12018980,Loss
CASE3,13,113903395,114127980,Gain
CASE3,19,11511483,11612141,Loss
CASE3,7,27808550,28356199,Gain
CASE3,X,129157269,129886842,LOH
CASE3,21,19381932,19472495,LOH
CASE3,11,9185553,10063740,Loss
CASE3,12,117767689,117992101,LOH
CASE3,20,53376365,54320706,Loss
CASE3,17,46793038,47050347,LOH
CASE3,18,38822406,38861725,Gain
CASE3,22,5525435,5716060,Gain
CASE3,2,17623535,18166408,Gain
CASE3,13,35433762,35842148,Loss
CASE3,4,160706978,161006051,Gain
CASE3,19,23121573,23265716,Gain
CASE3,12,119842645,120489644,Gain
CASE3,10,40770150,41557647,LOH
CASE3,9,7051999,7353947,LOH
CASE3,13,32434862,32568581,Gain
CASE3,12,88181755,88494194,LOH
CASE3,8,133828104,134115397,Loss
CASE3,15,24482424,25059389,LOH
CASE3,21,6922785,7633825,Gain
CASE3,17,12866928,13141614,Gain
CASE3,21,34643115,35299281,LOH
CASE3,5,179992234,180814784,Loss
CASE3,12,44079869,44952215,Gain
CASE3,13,84597424,85258600,Loss
CASE3,13,91980363,92052206,Loss
CASE3,14,23041533,23284183,Loss
CASE3,21,17021742,17609883,Loss
CASE3,3,112699479,113540288,Gain
CASE3,19,9846781,10539640,Gain
CASE3,5,129949974,130738929,LOH
CASE3,20,54748290,55256275,LOH
CASE3,14,20268190,20706408,LOH
CASE3,22,2073694,2095910,Loss
CASE3,Y,40518020,40867338,LOH
CASE3,20,48158279,48681767,Gain
CASE3,22,42648043,43299232,LOH
CASE3,8,24229373,24322348,Loss
CASE3,9,22638949,22865684,LOH
CASE3,3,16034269,16931559,Gain
CASE4,X,121682787,122340269,LOH
CASE4,11,52006294,52765643,Loss
CASE4,10,22909929,22930905,Gain
CASE4,11,58408990,58438910,Loss
CASE4,7,75455642,76171514,LOH
CASE4,X,76692352,77042385,Gain
CASE4,5,85251328,85623298,LOH
CASE4,10,16290884,16831574,Loss
CASE4,21,37431239,37860138,Loss
CASE4,X,57620301,58087499,LOH
CASE4,13,74995796,75132522,LOH
CASE4,1,85260536,85705279,Loss
CASE4,10,19097467,20052347,Gain
CASE4,6,52726005,53156912,Loss
CASE4,15,12929947,13687987,Loss
CASE4,8,34463177,34701902,LOH
CASE4,15,69668698,70449671,Loss
CASE4,5,49180954,49204259,LOH
CASE4,17,34261224,34862124,Gain
CASE4,8,56526799,56868471,Gain
CASE4,22,3901820,4877279,Loss
CASE4,12,24496230,25021747,LOH
CASE4,7,74763773,75613678,Gain
CASE4,Y,25439097,25987154,Gain
CASE4,9,121465985,121557635,Loss
CASE4,5,139680806,140317369,Gain
CASE4,22,48546299,48996246,LOH
CASE4,1,12053857,12674541,LOH
CASE4,4,65774561,66698607,LOH
CASE4,3,36933287,37383232,Gain
CASE4,9,121398149,122179754,Loss
CASE4,16,27412887,27451157,LOH
CASE4,15,63338817,63876233,LOH
CASE4,13,102250311,102808480,LOH
CASE4,1,149006498,149715216,Gain
CASE4,17,23047159,23419037,Gain
CASE4,22,16753405,16930716,Gain
CASE4,12,98114862,98800869,Gain
CASE4,4,104585684,104901191,LOH
CASE4,21,45158420,45470570,Loss
CASE4,18,1672980,2144022,LOH
CASE4,17,31742051,32670481,LOH
CASE4,7,110747607,110890910,Gain
CASE4,18,41029165,41267843,Gain
CASE4,8,89096908,89604124,Gain
CASE4,4,3608535,3784349,LOH
CASE4,14,56786640,56899897,LOH
CASE4,X,37630758,38569148,Gain
CASE4,16,9999936,10598580,LOH
CASE4,11,24196798,25103070,Loss
CASE4,14,94391049,94498926,LOH
CASE4,20,11861331,12226226,LOH
CASE4,14,26405133,27221698,LOH
CASE4,14,94265510,95227438,Loss
CASE4,4,1995296,2143441,LOH
CASE4,2,98041600,98172735,Loss
CASE4,X,141347379,142345720,Gain
CASE4,2,69599835,69645576,LOH
CASE4,8,113239248,113586418,Gain
CASE4,10,55878827,56161032,Gain
CASE4,Y,11653925,11840355,LOH
CASE4,21,23964666,24264566,Loss
CASE4,Y,47244414,47753357,Loss
CASE4,9,92372912,92661318,LOH
CASE4,2,102264418,103085256,Gain
CASE4,17,36517495,36737482,Loss
CASE4,9,84413474,84476378,LOH
CASE4,11,9316121,9350882,LOH
CASE4,11,7950454,8867603,Loss
CASE4,16,62284201,62629755,Loss
CASE4,14,84091648,84362570,LOH
CASE4,X,61817294,62646697,Loss
CASE4,2,231061271,231534720,Gain
CASE4,X,103677568,103873094,LOH
CASE4,20,16036877,16223117,LOH
CASE4,19,21359517,21437438,Loss
CASE4,18,7540121,8048302,LOH
CASE4,19,31911958,32681237,Gain
CASE4,8,53287251,54279523,Loss
CASE4,8,61642523,61815452,LOH
CASE4,6,88348757,88924726,LOH
CASE4,22,15464510,15885665,Gain
CASE4,16,85491703,86025111,Gain
CASE4,15,98966322,99137167,LOH
CASE4,Y,12899911,13628595,Loss
CASE4,13,28569604,28897366,LOH
CASE4,16,42818196,42932002,LOH
CASE4,16,76108860,77098741,Gain
CASE4,2,42878961,43579954,Gain
CASE4,18,54316940,55269225,Gain
CASE4,13,16351657,16838841,LOH
CASE4,9,32207183,32308328,Loss
CASE4,20,23654828,24489334,Gain
CASE4,8,127352370,127919960,Gain
CASE4,3,38877735,39346735,Gain
CASE4,20,9945109,10894616,Gain
CASE4,17,61715774,62268240,LOH
CASE4,11,129619594,129977590,LOH
CASE4,18,74190638,74447561,Gain
CASE4,9,134355267,134950638,Gain
CASE4,16,31216660,31965653,LOH
CASE5,11,29551010,29888417,Loss
CASE5,6,149526625,149727097,Gain
CASE5,16,26000626,26954913,LOH
CASE5,7,76221227,77078985,Gain
CASE5,6,60296531,61041524,LOH
CASE5,16,14227640,15037090,LOH
CASE5,18,63999179,64437776,Loss
CASE5,11,57228611,58043434,Gain
CASE5,11,88600263,89284810,Gain
CASE5,9,79919610,80556948,Gain
CASE5,7,99114325,99953698,LOH
CASE5,12,40477218,41321721,Gain
CASE5,Y,51677774,52597085,LOH
CASE5,Y,7534925,8076948,Loss
CASE5,12,110537020,111382196,Gain
CASE5,19,913604,1181637,Loss
CASE5,Y,56275186,56624826,LOH
CASE5,3,6497860,7340243,Gain
CASE5,16,75306755,75703592,LOH
CASE5,2,238918313,239646956,LOH
CASE5,X,26925756,27566670,Loss
CASE5,21,10134229,10740482,Loss
CASE5,19,8413393,8964242,Gain
CASE5,4,103820756,104811299,LOH
CASE5,Y,44383134,45289472,LOH
CASE5,15,5752032,6585955,Loss
CASE5,20,41214798,42113345,Gain
CASE5,3,113883714,114322189,LOH
CASE5,8,89302442,89695498,LOH
CASE5,21,29903923,30427946,Gain
CASE5,4,20517320,20784141,Gain
CASE5,21,7800515,8661532,LOH
CASE5,11,123220212,123256825,Gain
CASE5,1,122730666,123220965,LOH
CASE5,5,96750918,97364735,Gain
CASE5,Y,23875761,24518659,Gain
CASE5,2,237938000,238370251,LOH
CASE5,3,85891840,86051322,Gain
CASE5,5,80551850,81279223,Loss
CASE5,15,72416992,73090544,Gain
CASE5,9,129801586,130651317,LOH
CASE5,3,61966351,62948263,Gain
CASE5,2,153208844,153683196,Gain
CASE5,15,33457857,34422081,Loss
CASE5,21,5665421,6223749,Gain
CASE5,18,9352063,9842121,LOH
CASE5,Y,7952212,8059504,Gain
CASE5,11,85596631,85734647,Loss
CASE5,5,62096456,62491532,Loss
CASE5,16,18798607,19603482,Gain
CASE5,10,106885598,107125635,Gain
CASE5,11,64618902,65146344,Gain
CASE5,8,139042422,139467321,Loss
CASE5,5,172200901,172616572,LOH
CASE5,3,17305638,18273746,Gain
CASE5,16,15071686,15171092,Loss
CASE5,15,93482033,93986095,Loss
CASE5,12,105839877,105920786,LOH
CASE5,Y,40557251,40855418,LOH
CASE5,20,62361276,62419602,Loss
CASE5,7,128458670,128822861,Gain
CASE5,7,116623885,117060115,LOH
CASE5,Y,33880737,34709616,LOH
CASE5,20,37518044,38514012,LOH
CASE5,4,97081838,97468069,Gain
CASE5,10,132518613,132658653,LOH
CASE5,18,29785326,30309445,Gain
CASE5,1,175717568,176495759,Gain
CASE5,6,56957202,57538967,LOH
CASE5,2,232499425,233288105,Loss
CASE5,13,3378373,3412663,LOH
CASE5,14,96462696,96551046,LOH
CASE5,21,29277087,29524920,LOH
CASE5,17,19976368,20262726,Loss
CASE5,4,4810881,4947493,Loss
CASE5,22,5491064,6158645,Loss
CASE5,21,11443300,11794820,Gain
CASE5,7,1271367,1884299,Loss
CASE5,5,72918538,73346192,Gain
CASE5,10,14374817,14492469,Gain
CASE5,16,58599423,58798624,Loss
CASE5,11,100253676,100680945,Loss
CASE5,Y,56348905,56753120,Loss
CASE5,X,134939366,135219630,Gain
CASE5,14,23357699,23434783,Loss
CASE5,9,101932379,102894758,Loss
CASE5,9,47867298,47956891,LOH
CASE5,19,27010546,27654458,LOH
CASE5,6,151113204,151221572,Loss
CASE5,X,151016243,151184389,Loss
CASE5,12,78328552,78786962,LOH
CASE5,17,12587084,12800910,Loss
CASE5,4,173707285,174110408,Loss
CASE5,16,83786710,84614479,Gain
CASE5,6,16626697,16884781,Gain
CASE5,6,37161747,37340607,LOH
CASE5,Y,42587284,43378123,Gain
CASE5,13,51937845,52608116,LOH
CASE5,14,91540046,92515451,Gain
CASE5,17,57242891,57849436,Gain
CASE5,7,109514544,110181071,Gain
CASE6,20,9841574,10272582,Gain
CASE6,2,22621904,23487376,LOH
CASE6,19,22707024,22802285,Gain
CASE6,Y,32796685,33444031,Loss
CASE6,X,66436208,66608276,LOH
CASE6,15,89452729,90360811,LOH
CASE6,13,32882278,33091007,Gain
CASE6,14,36055387,36808693,Gain
CASE6,8,26531794,26620462,LOH
CASE6,16,4932362,5826076,LOH
CASE6,20,47568380,47695380,Gain
CASE6,7,83760155,83790480,Loss
CASE6,11,103138875,103910251,Gain
CASE6,2,13013627,13798980,Loss
CASE6,22,49027791,49042641,Gain
CASE6,4,172742379,172758171,LOH
CASE6,16,2753517,3178429,LOH
CASE6,17,61376615,61695915,Loss
CASE6,2,137441648,138035414,Gain
CASE6,15,33392168,34353598,Gain
CASE6,6,133253521,133372311,Gain
CASE6,8,34844019,34877906,Gain
CASE6,8,45123599,46002510,LOH
CASE6,16,5003192,5483124,Loss
CASE6,19,20947113,21450404,LOH
CASE6,7,33134090,33710111,Gain
CASE6,Y,31511208,32157791,LOH
CASE6,8,46514609,46769728,LOH
CASE6,20,5043290,5264517,Gain
CASE6,16,43449395,43925764,LOH
CASE6,20,31414249,32098143,Gain
CASE6,1,246643417,247199719,LOH
CASE6,5,114209503,114535780,LOH
CASE6,10,6922208,7554032,LOH
CASE6,11,123220482,123721912,Loss
CASE6,13,66607198,67287028,LOH
CASE6,19,42268652,42410112,Loss
CASE6,22,19287865,19790210,LOH
CASE6,9,54876545,55628833,Gain
CASE6,Y,33989745,34152015,LOH
CASE6,11,60702741,60833366,Gain
CASE6,2,99876353,100490846,LOH
CASE6,2,162711685,163049820,Loss
CASE6,21,16033876,16947125,LOH
CASE6,18,46152446,46415328,LOH
CASE6,20,50999243,51665654,LOH
CASE6,14,89409241,89435494,LOH
CASE6,11,25853602,26582654,LOH
CASE6,18,46223266,46433347,Gain
CASE6,11,118018584,118522223,LOH
CASE6,6,63602175,64383703,Gain
CASE6,12,110414748,111286765,LOH
CASE6,19,54669604,54990841,Loss
CASE6,17,11856431,12670446,LOH
CASE6,X,62020601,62692164,LOH
CASE6,2,160707480,161422610,Loss
CASE6,17,27327936,27921119,Loss
CASE6,11,6167127,7062530,Gain
CASE6,6,38332429,38854680,Loss
CASE6,10,19798295,20605818,LOH
CASE6,2,7137910,7756442,LOH
CASE6,19,8960425,9590236,Gain
CASE6,X,48219829,48663161,LOH
CASE6,Y,39265985,39929704,Gain
CASE6,1,220578098,221254672,Gain
CASE6,16,62973562,63700996,Loss
CASE6,2,50629467,50672035,LOH
CASE6,1,206345941,207130524,Gain
CASE6,13,40278474,40967108,Loss
CASE6,1,71092239,71911253,Loss
CASE6,20,43134203,43603470,Loss
CASE6,13,38581479,38721402,Loss
CASE6,4,74957697,75146138,LOH
CASE6,16,65246579,65405552,Gain
CASE6,12,57902171,58086489,LOH
CASE6,14,82047922,82768113,Gain
CASE6,15,92113746,92353637,Gain
CASE6,11,36899264,37689586,LOH
CASE6,17,18442105,18787913,LOH
CASE6,19,40592518,41060933,LOH
CASE6,9,74261329,75119554,Gain
CASE6,22,8403492,8860439,Gain
CASE6,19,3891261,3930676,Loss
CASE6,15,26431326,27137334,LOH
CASE6,8,134599969,134919788,Gain
CASE6,3,138857193,139765509,Loss
CASE6,15,57190276,57694505,LOH
CASE6,12,131545328,132289534,Loss
CASE6,9,135494292,135569965,Gain
CASE6,21,7095089,7958667,Loss
CASE6,18,41822819,42109446,LOH
CASE6,14,14071758,15012572,LOH
CASE6,9,108890646,108919000,Loss
CASE6,12,15456176,16191185,Loss
CASE6,4,21321654,21497075,Loss
CASE6,Y,47124639,47773487,LOH
CASE6,19,42129064,43081877,LOH
CASE6,4,46821739,47369420,Gain
CASE6,3,135208148,135447831,LOH
CASE6,20,25239599,26042062,Loss
CASE6,11,61428613,62212886,LOH
CASE7,8,129863141,130475301,Gain
CASE7,10,130571885,130726225,Gain
CASE7,13,9478612,9545468,Gain
CASE7,20,10281793,11068396,Gain
CASE7,1,68872621,69726012,LOH
CASE7,9,59887254,60836505,LOH
CASE7,14,32745333,33254502,Loss
CASE7,10,39507448,40286283,Gain
CASE7,11,116890267,117228315,Gain
CASE7,9,34576692,34961011,Loss
CASE7,10,59591668,60438369,Gain
CASE7,10,72345649,72556851,LOH
CASE7,3,122613050,123567405,Loss
CASE7,X,111284974,112110808,LOH
CASE7,20,62279756,62435965,Gain
CASE7,2,137258934,137677667,Loss
CASE7,4,112505290,113059988,Loss
CASE7,22,39689986,40064290,Gain
CASE7,7,8421989,9340357,Gain
CASE7,7,82517448,83311503,LOH
CASE7,14,32003456,32465359,Gain
CASE7,3,140115726,140890113,Loss
CASE7,19,45379728,46018773,Loss
CASE7,18,51220203,51990852,Gain
CASE7,6,83243483,83323437,LOH
CASE7,10,133093548,133415654,Gain
CASE7,X,71928765,72491793,Gain
CASE7,8,109118618,109437854,Gain
CASE7,13,92886171,93837280,LOH
CASE7,12,43386074,44221080,Gain
CASE7,18,5198206,5461961,Gain
CASE7,X,52613880,53421633,Loss
CASE7,15,46876756,47254493,Gain
CASE7,1,186495568,187413196,LOH
CASE7,12,46113230,46936702,Gain
CASE7,19,15447031,16082159,Loss
CASE7,21,16442023,16463047,Loss
CASE7,3,121878951,122649556,LOH
CASE7,11,73919536,74191163,Loss
CASE7,7,90165109,90998505,LOH
CASE7,14,80679142,81469194,Loss
CASE7,X,102740488,103327633,Loss
CASE7,5,3725151,3993995,Gain
CASE7,6,110822923,111129887,Loss
CASE7,1,61686191,62048461,Loss
CASE7,11,61541839,61988973,Loss
CASE7,4,35574331,36230657,Loss
CASE7,10,81768676,82434357,Gain
CASE7,6,37256367,37518884,Loss
CASE7,6,122740290,123676609,Loss
CASE7,2,9037127,9280972,Loss
CASE7,22,34896365,35807817,Gain
CASE7,11,21249259,21836659,LOH
CASE7,1,175106227,175144025,Gain
CASE7,16,35399606,35539742,Loss
CASE7,16,43813661,44038461,Gain
CASE7,10,72575150,72710927,Gain
CASE7,9,33507998,34386304,LOH
CASE7,10,85839625,85952419,Gain
CASE7,9,69800790,70290420,Loss
CASE7,7,37105427,37129280,Gain
CASE7,1,145007491,145060061,LOH
CASE7,5,166347312,167324192,LOH
CASE7,21,18131730,18576569,Gain
CASE7,2,148288578,148810590,Gain
CASE7,X,140137738,140533843,Loss
CASE7,21,776616,961871,Loss
CASE7,10,78986170,79891292,Gain
CASE7,6,5717895,6135552,Loss
CASE7,5,23111236,23141057,Gain
CASE7,5,158615783,159249554,Gain
CASE7,21,5127818,6006214,LOH
CASE7,Y,35921942,36051511,Gain
CASE7,17,23564921,24163710,Gain
CASE7,21,40126025,41040277,LOH
CASE7,4,191136598,191263063,LOH
CASE7,X,130897738,130972965,Loss
CASE7,11,109891379,110507620,Gain
CASE7,16,41379044,42034491,LOH
CASE7,6,7937999,8320876,Gain
CASE7,6,9500812,10330313,LOH
CASE7,14,65131466,65528660,Loss
CASE7,21,855594,1480836,LOH
CASE7,8,100730955,101728361,LOH
CASE7,16,86161094,87006750,Gain
CASE7,2,19322767,19808944,LOH
CASE7,22,10892895,11264954,LOH
CASE7,13,61368364,61418926,Loss
CASE7,21,45924450,46533973,Gain
CASE7,3,186386126,186999460,LOH
CASE7,12,47608763,48161371,Gain
CASE7,14,44125513,44883624,Gain
CASE7,10,23258267,23847665,LOH
CASE7,14,94461809,95170963,Gain
CASE7,1,131366317,131575614,LOH
CASE7,9,70418157,70624186,Gain
CASE7,8,117105887,118010453,Loss
CASE7,4,121195677,121768813,Loss
CASE7,14,51741554,52246236,Loss
CASE7,11,26899572,27638174,Loss
CASE7,9,106842610,107161981,LOH
CASE8,X,189923,1116811,LOH
CASE8,19,10097653,10234728,LOH
CASE8,6,20914724,21709530,Loss
CASE8,Y,47133901,47374908,Gain
CASE8,12,32828311,33322153,LOH
CASE8,19,26487109,27169853,Loss
CASE8,1,146154791,146238511,Loss
CASE8,13,103254238,103442765,LOH
CASE8,20,41090705,41757430,LOH
CASE8,11,97468652,98290462,LOH
CASE8,12,73763687,74576520,Gain
CASE8,13,28162194,28523775,Gain
CASE8,16,56896974,56915090,LOH
CASE8,21,14549833,15333671,Gain
CASE8,20,15916642,16175283,Gain
CASE8,10,57254207,58252170,Gain
CASE8,12,105977,236443,LOH
CASE8,3,29782727,30299682,Loss
CASE8,Y,28738527,29279783,Gain
CASE8,14,68071950,68357376,Loss
CASE8,14,38701310,39103495,Loss
CASE8,4,5654337,6094405,Loss
CASE8,19,1716502,2355292,Loss
CASE8,X,55995627,56035997,Loss
CASE8,14,96458959,96842111,LOH
CASE8,11,104419074,104930536,LOH
CASE8,12,17569577,18457619,LOH
CASE8,2,158825419,158903716,Loss
CASE8,8,144999706,145601832,Gain
CASE8,11,96092161,96193240,LOH
CASE8,9,138422211,139339309,Loss
CASE8,9,9561250,9986213,Gain
CASE8,21,17647409,18597844,Gain
CASE8,13,33722012,34425974,Gain
CASE8,16,66137974,66332611,Loss
CASE8,7,124935926,125796082,LOH
CASE8,Y,28692249,28888800,LOH
CASE8,4,149153018,150083039,Gain
CASE8,12,80718391,81407017,Gain
CASE8,16,35310340,35383662,LOH
CASE8,18,66899541,66913521,Loss
CASE8,8,122934840,123382890,Loss
CASE8,14,42278039,43212063,LOH
CASE8,11,40707363,41626472,LOH
CASE8,21,34419898,35268021,Gain
CASE8,16,39482327,40335301,LOH
CASE8,5,137734451,138260085,Loss
CASE8,5,32569576,32750449,Loss
CASE8,4,142380461,142415500,Loss
CASE8,12,73085089,73412931,Gain
CASE8,4,101265641,101922020,Gain
CASE8,18,36626596,37275587,LOH
CASE8,4,154350925,154979912,Gain
CASE8,13,90867709,91203690,Gain
CASE8,14,81029838,81934390,Gain
CASE8,18,23326615,23548322,Loss
CASE8,4,42129085,42572941,LOH
CASE8,7,113254419,114170217,LOH
CASE8,Y,29818120,30670390,Loss
CASE8,6,3147677,3666201,Loss
CASE8,16,38105343,38933499,Gain
CASE8,16,69796079,70642044,LOH
CASE8,4,146716869,147072766,Loss
CASE8,X,108216306,108382059,Loss
CASE8,15,61626220,61725242,Loss
CASE8,15,89629509,90446821,Gain
CASE8,18,64311500,64735397,Loss
CASE8,8,25800172,25920690,Gain
CASE8,18,93763,225238,Loss
CASE8,3,34191412,34958549,Loss
CASE8,11,56107553,56177483,Loss
CASE8,5,99039402,99268345,Gain
CASE8,16,85784598,86198101,LOH
CASE8,14,42560469,43511188,Gain
CASE8,10,53560090,54452771,Loss
CASE8,4,147568261,147760391,LOH
CASE8,16,34728145,35293057,LOH
CASE8,18,25061419,25266643,LOH
CASE8,13,74817235,75498825,Loss
CASE8,15,87329123,88179360,Loss
CASE8,6,139136073,139764154,Loss
CASE8,19,47904256,48195287,Loss
CASE8,11,63880297,64738674,Gain
CASE8,7,60952793,61106868,Gain
CASE8,20,23649440,24137768,LOH
CASE8,18,55621573,56549366,Loss
CASE8,11,107700880,108624322,Gain
CASE8,4,32965720,33562091,LOH
CASE8,9,132046024,132909754,Loss
CASE8,14,44854527,44867339,Loss
CASE8,17,60162282,60919847,Loss
CASE8,5,176379416,177070882,Loss
CASE8,18,70811163,71654395,Loss
CASE8,12,126923822,127198276,LOH
CASE8,15,45675218,46405943,Loss
CASE8,Y,18577873,19395279,Gain
CASE8,3,12937608,13586107,Loss
CASE8,7,95988302,96258309,LOH
CASE8,X,57324467,57486859,LOH
CASE8,10,105278618,105763937,LOH
CASE8,19,2396112,2813109,Loss
CASE9,X,85449193,86284699,Loss
CASE9,4,39904618,40016363,Gain
CASE9,3,181557471,182029955,LOH
CASE9,4,25556873,26333373,Loss
CASE9,16,67725971,67892931,Gain
CASE9,5,142358598,142857633,LOH
CASE9,21,12140672,12378909,Gain
CASE9,22,17653133,18566894,Loss
CASE9,20,10064997,10644416,Loss
CASE9,21,1777416,2351378,LOH
CASE9,9,6983412,7609721,Loss
CASE9,4,40733418,41088553,LOH
CASE9,5,163736672,164000495,LOH
CASE9,16,5756385,6650985,LOH
CASE9,4,51970056,52540183,Gain
CASE9,6,15283252,15914371,LOH
CASE9,4,127989629,128473663,Loss
CASE9,6,153371701,153711884,Loss
CASE9,10,53062027,53834117,Gain
CASE9,19,30302367,30366858,LOH
CASE9,15,14357880,15339121,Gain
CASE9,9,49557723,50330754,LOH
CASE9,12,1520587,1755900,Gain
CASE9,4,99275712,99868500,Gain
CASE9,22,16956108,17523048,Gain
CASE9,14,57554479,58161162,Gain
CASE9,17,51084846,51249843,LOH
CASE9,9,135767412,135940165,Loss
CASE9,18,48920620,49081719,LOH
CASE9,22,33668460,33697583,Loss
CASE9,3,111615978,111996817,Loss
CASE9,18,56734673,56751676,Gain
CASE9,13,28898972,29494962,Gain
CASE9,X,95453597,96417754,LOH
CASE9,1,195002797,195074664,LOH
CASE9,10,11266938,11575143,Gain
CASE9,21,35610429,35814096,Gain
CASE9,20,16040586,16634073,Loss
CASE9,Y,40868839,41862051,LOH
CASE9,3,162591783,162751294,Gain
CASE9,9,27424989,28318593,Gain
CASE9,19,43824131,44141802,LOH
CASE9,22,4185319,5052445,LOH
CASE9,2,217761140,218525015,LOH
CASE9,7,61824694,62183100,LOH
CASE9,8,127949570,128545968,Gain
CASE9,19,34814230,34859591,LOH
CASE9,22,6513346,7101829,LOH
CASE9,7,133081775,134079332,Gain
CASE9,21,4594548,4755047,Gain
CASE9,12,61812726,62730391,Loss
CASE9,4,9936076,10877409,Gain
CASE9,19,30145908,30284845,Loss
CASE9,Y,51380321,51814450,Loss
CASE9,11,70646161,71443163,Loss
CASE9,20,56725301,57575620,Gain
CASE9,22,48904727,49528953,LOH
CASE9,9,92612136,93256625,Loss
CASE9,20,53196377,53731727,Loss
CASE9,6,144529789,145457520,Gain
CASE9,7,110067856,110703750,LOH
CASE9,19,2436086,2479868,Gain
CASE9,3,27257284,27555744,Loss
CASE9,11,18521401,18699990,Gain
CASE9,4,24741433,25234633,Loss
CASE9,13,112603242,113270648,Loss
CASE9,16,66102477,67074407,LOH
CASE9,11,49066901,49400733,Gain
CASE9,8,49954075,50620935,Gain
CASE9,2,184983864,185375601,LOH
CASE9,1,219681389,220068660,LOH
CASE9,21,28881609,29030160,Gain
CASE9,16,23593957,23949717,Loss
CASE9,6,78093928,78683945,Loss
CASE9,2,129019983,129481343,Gain
CASE9,9,14020085,14482919,LOH
CASE9,6,4030897,4849408,Loss
CASE9,14,54287702,54605131,LOH
CASE9,6,145045252,145546076,Loss
CASE9,5,172178678,172419148,LOH
CASE9,18,17105641,17936923,LOH
CASE9,4,49900450,50168716,LOH
CASE9,16,22154622,22873739,Loss
CASE9,9,70051881,70340389,Gain
CASE9,10,102705208,103292408,Loss
CASE9,5,71314608,71374762,LOH
CASE9,1,21400068,21817464,Gain
CASE9,Y,21683334,22005412,LOH
CASE9,17,50238395,50746779,Loss
CASE9,3,75940388,76150501,LOH
CASE9,2,147416879,147636835,Loss
CASE9,22,27728044,27822583,Gain
CASE9,1,58892309,59242823,Loss
CASE9,20,61611491,62435965,Loss
CASE9,X,1556910,1710707,Loss
CASE9,6,23784035,24423872,Loss
CASE9,16,41061159,41120787,Gain
CASE9,2,31712750,32406408,Gain
CASE9,18,17885428,18369198,Loss
CASE9,14,60149237,60345689,LOH
CASE9,X,103976180,104782147,Loss
CASE10,4,105484971,106399783,LOH
CASE10,17,408008,1305291,Loss
CASE10,12,41828565,42142537,LOH
CASE10,20,14305360,15010256,Gain
CASE10,Y,33328528,33484308,Loss
CASE10,15,5027988,5253528,LOH
CASE10,Y,37762792,38732201,LOH
CASE10,22,37160212,38073980,LOH
CASE10,20,1890051,2284893,LOH
CASE10,15,90776937,90819261,LOH
CASE10,20,34959000,35866002,LOH
CASE10,16,55336711,56149766,LOH
CASE10,7,41081968,41623368,Loss
CASE10,2,55003252,55932449,LOH
CASE10,11,17033503,17072986,Loss
CASE10,13,87859288,88590468,Loss
CASE10,14,73153821,73917960,Gain
CASE10,17,56465651,56749924,Gain
CASE10,21,6102668,6730843,Gain
CASE10,11,83062740,83961019,Loss
CASE10,11,114083673,115032855,LOH
CASE10,10,88245210,89238685,Loss
CASE10,16,76672336,77408849,Loss
CASE10,11,40571903,41561658,Loss
CASE10,2,208292887,208556846,Gain
CASE10,13,103656953,103925256,Gain
CASE10,5,46381209,47151640,Gain
CASE10,12,43683051,44203628,Gain
CASE10,4,118710934,119671502,LOH
CASE10,16,74039431,74488628,Gain
CASE10,Y,44225796,44491390,Loss
CASE10,15,79400547,79785300,Gain
CASE10,2,81044396,81270852,LOH
CASE10,5,106820810,107618111,Gain
CASE10,8,104215722,104330378,LOH
CASE10,12,102898348,103220001,Loss
CASE10,4,156926077,156985948,Loss
CASE10,4,94986543,95355034,LOH
CASE10,X,129541582,130188261,Loss
CASE10,10,8624709,9317956,LOH
CASE10,11,30996792,31129635,Loss
CASE10,19,3868667,3981168,Gain
CASE10,15,81018564,81516810,Loss
CASE10,2,174853788,175060212,Loss
CASE10,12,45961005,46285093,Gain
CASE10,7,63849592,64551399,Loss
CASE10,11,11202026,11463444,LOH
CASE10,5,138512864,138925611,Gain
CASE10,1,194790475,195721803,LOH
CASE10,16,70421892,70809927,Loss
CASE10,6,128715276,128923940,Loss
CASE10,4,56533800,57014245,Loss
CASE10,7,70390526,71069863,Loss
CASE10,18,6789041,7397813,Loss
CASE10,8,116594162,116956828,Loss
CASE10,8,115793512,116558893,Gain
CASE10,9,25365989,25748583,LOH
CASE10,22,12163853,13087609,Loss
CASE10,19,25713121,26464907,Loss
CASE10,15,17906486,18225139,Loss
CASE10,19,9962471,10128383,LOH
CASE10,13,20782593,20876406,LOH
CASE10,13,58657235,58858246,Loss
CASE10,9,139246914,139528558,Gain
CASE10,18,592419,1273883,Loss
CASE10,22,32732396,33629213,Gain
CASE10,1,220763119,220824439,Gain
CASE10,10,55637161,56544918,Loss
CASE10,5,90003662,90081528,LOH
CASE10,X,55907793,56304939,Loss
CASE10,11,53515820,54026012,LOH
CASE10,13,53009476,53617077,Loss
CASE10,1,70856193,71618357,LOH
CASE10,14,21809925,22772604,LOH
CASE10,19,13629469,14546522,Gain
CASE10,17,2077713,2657209,LOH
CASE10,X,57361126,57734441,Gain
CASE10,4,166305403,166688451,LOH
CASE10,Y,9549817,10266357,Loss
CASE10,18,16422719,17384941,Gain
CASE10,21,37313726,38171240,LOH
CASE10,Y,50365227,50816511,LOH
CASE10,9,97673767,98177784,LOH
CASE10,1,133137966,133639350,LOH
CASE10,3,46227028,46785573,Gain
CASE10,16,37512308,37567831,LOH
CASE10,8,123947269,124921579,Gain
CASE10,1,123510983,123839033,Loss
CASE10,10,33934310,34708615,Gain
CASE10,11,81512284,82511077,Loss
CASE10,18,40221800,40467337,Gain
CASE10,3,161533247,162330036,Gain
CASE10,21,6109205,7075474,Loss
CASE10,22,27310849,27665873,LOH
CASE10,7,150821075,151275316,Loss
CASE10,15,38301377,38716765,LOH
CASE10,4,12584091,12944894,LOH
CASE10,15,49781817,50266269,LOH
CASE10,22,5165767,5711021,LOH
CASE10,X,80873620,81133565,LOH
CASE10,7,103139867,104017156,Gain
CASE11,Y,22746178,23029879,Loss
CASE11,Y,50472367,51251237,Loss
CASE11,17,41040561,41107052,Gain
CASE11,X,46512967,46886257,Gain
CASE11,7,76199714,76692436,Gain
CASE11,16,15045032,15462252,Gain
CASE11,2,77021330,77666711,Loss
CASE11,15,84529754,85272726,LOH
CASE11,8,62594403,62763085,LOH
CASE11,15,17480833,17722167,Loss
CASE11,10,15338985,16215422,Gain
CASE11,3,39351696,39425908,Gain
CASE11,11,981482,1218537,Loss
CASE11,3,31924813,31991075,LOH
CASE11,15,17497519,18416553,Gain
CASE11,11,89646547,90062828,LOH
CASE11,16,73650570,73795321,Gain
CASE11,8,42506430,43054775,Loss
CASE11,20,3074403,3463481,Loss
CASE11,13,80653992,81419619,Loss
CASE11,2,157342723,157491076,Gain
CASE11,10,55418391,55533265,Loss
CASE11,18,64615582,64850261,LOH
CASE11,7,67402903,67992115,LOH
CASE11,5,67598491,68520465,Gain
CASE11,X,71638202,72551630,LOH
CASE11,3,87713851,88148773,LOH
CASE11,10,71860467,72074174,Loss
CASE11,15,48701512,48904819,LOH
CASE11,15,14112735,14254395,Loss
CASE11,8,85436650,85956820,Loss
CASE11,10,110384154,110703241,Loss
CASE11,19,6574346,7201536,Gain
CASE11,16,41957864,42177732,LOH
CASE11,1,179735210,179767668,Gain
CASE11,21,11159711,11990207,Loss
CASE11,6,71261334,71362202,Loss
CASE11,16,21251961,21790217,Gain
CASE11,18,38700215,39458237,Loss
CASE11,2,31785788,32219964,LOH
CASE11,14,72233225,72891588,Loss
CASE11,Y,8745496,9060594,Gain
CASE11,1,208702786,209327380,Gain
CASE11,20,3219604,4185309,LOH
CASE11,8,70361874,70898250,LOH
CASE11,1,173737213,174619999,Loss
CASE11,13,92221597,92634469,LOH
CASE11,13,37998577,38559625,Gain
CASE11,X,9202381,9462079,Gain
CASE11,5,164217571,164495372,LOH
CASE11,4,40765195,40891086,Loss
CASE11,9,3365892,3683143,Loss
CASE11,8,8598492,9363459,Loss
CASE11,21,4154068,4288179,Loss
CASE11,16,41242899,42053515,LOH
CASE11,14,81506592,81833255,Loss
CASE11,12,3666804,4134980,LOH
CASE11,20,26695500,27268797,Gain
CASE11,Y,47847200,48530406,Gain
CASE11,20,53990389,54306097,Gain
CASE11,17,75319132,76096922,Gain
CASE11,13,66203015,67077716,Gain
CASE11,9,70208708,70733970,Gain
CASE11,11,35556407,36520754,LOH
CASE11,8,44498509,44660632,Loss
CASE11,13,102046619,102135488,Gain
CASE11,7,846979,948523,LOH
CASE11,22,22993135,23468714,LOH
CASE11,19,31159892,32025515,LOH
CASE11,6,9809264,9954265,LOH
CASE11,Y,6390283,7021394,LOH
CASE11,9,68951814,69693478,Gain
CASE11,21,6927841,7497702,LOH
CASE11,4,47325036,48256253,Loss
CASE11,8,134824777,135046253,Loss
CASE11,13,87066247,87786076,Gain
CASE11,5,59546510,59702030,Loss
CASE11,6,54056531,55044346,LOH
CASE11,14,79267592,80215791,LOH
CASE11,6,132486954,132520935,LOH
CASE11,5,29545347,29922391,Gain
CASE11,15,56233047,56807328,Loss
CASE11,18,70098454,71019926,Gain
CASE11,17,59548342,60513712,Loss
CASE11,10,38106494,38859634,LOH
CASE11,2,140500013,141002489,LOH
CASE11,2,4045860,4822052,Loss
CASE11,18,38786490,39014597,LOH
CASE11,15,74309576,75112291,Loss
CASE11,11,6588568,7137875,Loss
CASE11,8,108726207,109721820,Gain
CASE11,21,2919499,3458960,LOH
CASE11,1,30111323,30858544,Gain
CASE11,8,64623656,64856986,Loss
CASE11,5,14037026,14510149,Loss
CASE11,4,180185306,180307231,LOH
CASE11,1,29806273,30413113,Gain
CASE11,9,81055882,81099342,LOH
CASE11,13,22177777,22753142,Gain
CASE11,18,32526064,32777538,LOH
CASE11,16,48570596,48652148,LOH
CASE12,20,8843793,8933383,LOH
CASE12,12,72154718,72968412,LOH
CASE12,16,41013193,41163436,LOH
CASE12,4,8292569,8516621,Loss
CASE12,13,104035945,104395729,Gain
CASE12,21,6358956,7314508,LOH
CASE12,19,45461514,46359498,Loss
CASE12,X,34820946,35243136,Loss
CASE12,17,14099439,14418325,Loss
CASE12,5,73520805,73967147,Loss
CASE12,9,62000619,62514663,Loss
CASE12,10,24397486,24624786,LOH
CASE12,8,40283582,41080403,Gain
CASE12,10,35061138,35819702,Gain
CASE12,13,111991326,112915793,Gain
CASE12,12,103513220,103550508,LOH
CASE12,16,11228966,12047864,LOH
CASE12,2,182100764,182375910,Loss
CASE12,11,33115193,33894680,Loss
CASE12,6,72253809,72747986,LOH
CASE12,X,152313874,152858704,Loss
CASE12,12,78582805,79090619,Loss
CASE12,9,64508300,64762348,Gain
CASE12,13,15448691,15948623,Gain
CASE12,3,27848174,28827396,LOH
CASE12,5,9442789,10139234,Loss
CASE12,1,46881412,47366254,Gain
CASE12,4,45655974,46626476,Loss
CASE12,21,24490524,24812740,Gain
CASE12,3,132413224,133327783,LOH
CASE12,15,77943816,78419405,Loss
CASE12,17,66118954,66869046,LOH
CASE12,16,83437450,84358841,Loss
CASE12,7,136578596,137099415,Gain
CASE12,12,110416019,110431377,LOH
CASE12,22,45760163,46528846,Gain
CASE12,2,145690952,145982724,Loss
CASE12,10,34467804,35060903,LOH
CASE12,9,50923649,51246120,Loss
CASE12,14,89909873,90612914,Gain
CASE12,2,123428503,123773383,Gain
CASE12,Y,5940651,6905094,Loss
CASE12,1,136307459,137250744,LOH
CASE12,6,152238297,152931553,LOH
CASE12,13,36737069,37004010,LOH
CASE12,18,59926875,60832295,Gain
CASE12,10,21987358,22375862,Loss
CASE12,4,85338740,86321548,Loss
CASE12,12,20690468,21588827,Loss
CASE12,14,1968892,2480508,Gain
CASE12,15,17165561,17582729,Gain
CASE12,11,126306926,127257006,LOH
CASE12,2,82574119,83464393,LOH
CASE12,5,4450358,5267089,Loss
CASE12,17,22677849,23480488,LOH
CASE12,3,61993031,62341642,LOH
CASE12,11,124576300,124842304,LOH
CASE12,8,71539372,71958402,Gain
CASE12,16,6301465,7109189,LOH
CASE12,17,55139716,55403934,Gain
CASE12,10,63537077,64411887,LOH
CASE12,12,97777376,97916131,Loss
CASE12,1,53974563,54497708,Loss
CASE12,20,4680963,5658020,LOH
CASE12,11,20848595,21550506,Gain
CASE12,15,86109956,86455475,Gain
CASE12,12,12465552,13328079,LOH
CASE12,2,205379688,206363895,Loss
CASE12,13,38488980,39124787,Loss
CASE12,17,32095354,32124202,Gain
CASE12,9,78507038,79025041,LOH
CASE12,1,155958841,156644690,Loss
CASE12,15,45391999,45740396,LOH
CASE12,Y,22906117,23869205,LOH
CASE12,X,154160757,154373059,LOH
CASE12,8,124481123,125435951,Loss
CASE12,21,35014012,35120070,LOH
CASE12,6,137891442,138794207,LOH
CASE12,6,153404289,153517520,Gain
CASE12,20,48832073,49799538,LOH
CASE12,5,170227642,170506903,Loss
CASE12,8,49972241,50654065,LOH
CASE12,9,16218131,17002923,LOH
CASE12,17,53114638,53558056,LOH
CASE12,12,87221031,87806728,LOH
CASE12,12,114724794,114779928,Gain
CASE12,15,55793655,56409766,Loss
CASE12,12,88417974,88790995,Gain
CASE12,18,27711522,28603954,LOH
CASE12,10,13620495,14315154,LOH
CASE12,1,99355007,100004172,LOH
CASE12,Y,22197355,22593931,Gain
CASE12,1,158339853,158845624,Loss
CASE12,3,43200395,43214844,Loss
CASE12,3,188290287,189258188,Loss
CASE12,18,11841252,12091558,Loss
CASE12,14,73613350,74279654,Loss
CASE12,3,184072365,184296216,LOH
CASE12,9,82243444,82473730,Loss
CASE12,20,35144055,35903788,Gain
CASE12,2,55612751,56061767,LOH
CASE13,11,101704385,101855798,Loss
CASE13,7,96458802,96878695,Loss
CASE13,3,174496312,175417720,LOH
CASE13,1,166492955,166829371,Gain
CASE13,18,24175545,24318724,Gain
CASE13,Y,2390345,2605851,LOH
CASE13,8,123123944,123445185,Gain
CASE13,4,8976273,9159047,Loss
CASE13,6,163886332,164315173,LOH
CASE13,16,72068106,72406915,Loss
CASE13,20,15497679,16066234,Gain
CASE13,5,156425901,157396665,Loss
CASE13,5,130843217,131582804,LOH
CASE13,17,74206477,75059198,Loss
CASE13,2,3525244,4169878,LOH
CASE13,7,51583690,52412346,LOH
CASE13,2,60804631,61288465,LOH
CASE13,20,24008493,24855139,Loss
CASE13,10,37968517,38935219,LOH
CASE13,13,50431503,51401342,Gain
CASE13,22,15201550,16048089,Loss
CASE13,22,33464989,33944214,Gain
CASE13,16,71474783,71698540,Gain
CASE13,6,107771875,108762262,Loss
CASE13,13,78591311,78891269,Loss
CASE13,6,155618550,156110568,Loss
CASE13,5,163781591,164059528,LOH
CASE13,Y,50598561,51439551,Loss
CASE13,9,132260697,132991298,Gain
CASE13,3,91647232,92116383,Loss
CASE13,6,63633123,64209623,Loss
CASE13,18,48906688,49437782,Loss
CASE13,14,46622859,46857953,Gain
CASE13,22,18947299,19225570,Gain
CASE13,21,22560533,23257705,LOH
CASE13,10,12338647,12799338,LOH
CASE13,9,62017520,62773314,Gain
CASE13,18,15576250,16111018,LOH
CASE13,7,20380983,21040300,Loss
CASE13,12,104899922,105374713,Loss
CASE13,3,69372427,70214283,Gain
CASE13,13,86705732,86994791,Loss
CASE13,7,13773167,13936571,LOH
CASE13,14,31288288,31708322,LOH
CASE13,11,78513851,79291890,Gain
CASE13,9,34204778,34660893,Loss
CASE13,X,42647080,42791312,LOH
CASE13,17,53803052,54680449,Loss
CASE13,3,31986385,32938965,Gain
CASE13,3,129024710,129507980,Gain
CASE13,10,20520674,20530711,Gain
CASE13,11,67891323,68332712,LOH
CASE13,1,113756728,114043929,Loss
CASE13,15,56634917,57117198,Loss
CASE13,8,56776424,57323149,Gain
CASE13,5,7569662,7682935,Gain
CASE13,3,112724471,113569659,LOH
CASE13,14,63270386,63549318,Loss
CASE13,X,118623407,119133206,LOH
CASE13,22,37574570,38021394,LOH
CASE13,9,133254770,133986569,LOH
CASE13,18,55603903,56011326,LOH
CASE13,22,26789769,27557384,LOH
CASE13,17,32784456,32823462,Loss
CASE13,2,196806895,197595179,Gain
CASE13,20,39863143,40480499,Loss
CASE13,22,22628694,23141460,Loss
CASE13,X,116514699,117397560,Gain
CASE13,2,122687847,122906679,Loss
CASE13,20,27995788,28695431,LOH
CASE13,13,100121075,100903408,Gain
CASE13,17,60378245,61075881,LOH
CASE13,4,12001184,12168304,Gain
CASE13,6,162353110,162427302,Gain
CASE13,17,8710368,8934999,LOH
CASE13,19,27681350,28603476,Gain
CASE13,14,52571196,53322750,Gain
CASE13,16,12559953,12583949,Loss
CASE13,16,71715849,72150269,LOH
CASE13,8,86722882,87242885,LOH
CASE13,10,60894635,60929974,LOH
CASE13,2,42101870,42824496,LOH
CASE13,21,4488611,5131529,Gain
CASE13,5,132727705,133114499,Gain
CASE13,4,99376336,99546941,LOH
CASE13,12,85772698,86138101,LOH
CASE13,11,67219203,68195471,LOH
CASE13,8,130360975,131166119,LOH
CASE13,22,13415582,13491333,Gain
CASE13,1,235674768,236031206,Gain
CASE13,12,3991203,4074909,LOH
CASE13,7,99167429,99788649,Loss
CASE13,7,121167291,121260083,LOH
CASE13,11,3441789,4382901,Gain
CASE13,X,33704175,34654925,Gain
CASE13,13,97003866,97774007,Gain
CASE13,6,167085477,167830247,LOH
CASE13,9,105626283,106238998,Loss
CASE13,20,57766385,58459371,Loss
CASE13,9,38135193,38525028,Gain
CASE13,12,4129918,4628811,Loss
CASE14,9,13655888,14475608,LOH
CASE14,15,64081159,64942700,LOH
CASE14,20,57199096,57412269,LOH
CASE14,19,5755003,6646138,Loss
CASE14,22,21787156,22214067,LOH
CASE14,7,81583643,81961512,Loss
CASE14,8,19447086,20161136,Loss
CASE14,11,14343053,15221363,LOH
CASE14,22,33424907,33512757,Loss
CASE14,3,15070314,15113019,Loss
CASE14,X,4942718,5333498,Loss
CASE14,13,98731741,99042413,Loss
CASE14,13,95120602,95197951,Loss
CASE14,15,71566598,71910050,Gain
CASE14,13,45285077,45374602,Gain
CASE14,8,136267146,136324330,Gain
CASE14,19,38522182,38594266,Loss
CASE14,21,30588389,30612476,Loss
CASE14,7,136893621,137461497,Loss
CASE14,Y,14652125,15052528,LOH
CASE14,12,28221179,28282556,LOH
CASE14,13,110683200,111074755,Gain
CASE14,11,81800348,82466532,Loss
CASE14,Y,18506005,18599270,Gain
CASE14,12,23743844,24261545,Gain
CASE14,8,84060833,84281245,Gain
CASE14,15,73331378,73821298,Loss
CASE14,21,25222394,26087634,Loss
CASE14,18,17762251,18249831,LOH
CASE14,21,16667530,17375652,LOH
CASE14,17,61544171,61790177,Loss
CASE14,20,22047518,22274160,Gain
CASE14,1,177730171,178303356,Loss
CASE14,21,22430332,23153052,LOH
CASE14,15,77705082,78538273,LOH
CASE14,12,58943990,59794171,Loss
CASE14,14,105692698,106052438,Gain
CASE14,16,73210529,74030008,Loss
CASE14,17,71153170,71755321,LOH
CASE14,9,94623243,94660952,Gain
CASE14,Y,26320738,26596873,LOH
CASE14,13,61710697,62247328,Loss
CASE14,2,181970497,182867520,LOH
CASE14,16,44472177,45289040,LOH
CASE14,4,35067131,35612320,Gain
CASE14,18,68457308,68701963,Loss
CASE14,7,99599581,99657678,LOH
CASE14,10,48004197,48130077,Loss
CASE14,19,25419972,25549266,Loss
CASE14,3,61825713,62586831,Loss
CASE14,17,63910089,64090485,Gain
CASE14,12,104310310,105111625,Gain
CASE14,21,27662121,28340298,LOH
CASE14,Y,29747645,30431458,Loss
CASE14,2,201535750,202192219,Loss
CASE14,5,75842010,76461447,LOH
CASE14,22,32437598,33100090,Loss
CASE14,12,3687811,3906669,Loss
CASE14,8,140306194,141295765,Gain
CASE14,8,43325948,43836188,LOH
CASE14,11,65592348,66248389,Loss
CASE14,9,132204252,132240599,Gain
CASE14,8,20812316,20862269,LOH
CASE14,6,16238001,16698233,Gain
CASE14,10,49763878,49864847,Loss
CASE14,20,22814660,22973474,Gain
CASE14,5,138748560,139591116,Gain
CASE14,2,214536770,214847966,LOH
CASE14,22,41352145,41469490,LOH
CASE14,18,64138121,65050471,Gain
CASE14,Y,40838716,41328602,Gain
CASE14,16,80536214,81342780,LOH
CASE14,3,38022048,38048672,Gain
CASE14,13,54056487,54323259,Gain
CASE14,21,34061730,34357981,LOH
CASE14,10,16941404,16956464,Loss
CASE14,20,29899772,30298551,Gain
CASE14,17,45248423,46201602,Gain
CASE14,11,83289198,84051008,LOH
CASE14,16,5317232,5469224,LOH
CASE14,15,85714681,85989900,LOH
CASE14,8,143781458,144138047,Gain
CASE14,5,154926223,155896204,Gain
CASE14,16,15718282,16141654,Gain
CASE14,4,176989171,177297484,Gain
CASE14,21,11211538,11229796,Gain
CASE14,21,15583153,15962348,Gain
CASE14,4,106995957,107006399,Gain
CASE14,10,48908346,49742878,Gain
CASE14,16,39495228,39767334,Gain
CASE14,22,48806674,48945296,Gain
CASE14,7,25485447,25731131,LOH
CASE14,18,71888472,72036491,Gain
CASE14,1,87599439,88044189,LOH
CASE14,12,88721232,89269825,LOH
CASE14,Y,29414120,29746280,Gain
CASE14,22,32027125,32314963,LOH
CASE14,Y,16580470,17390660,Gain
CASE14,18,75709106,76117153,Loss
CASE14,19,22447736,22582611,LOH
CASE14,8,109090017,109363202,LOH
CASE15,2,141840709,142323277,Loss
CASE15,13,86225090,87130457,Gain
CASE15,12,58476511,58914363,LOH
CASE15,18,54526314,55199742,LOH
CASE15,15,39568087,40254383,Gain
CASE15,21,40515273,40598482,Loss
CASE15,11,37307332,38000711,Loss
CASE15,15,93645412,94073969,Loss
CASE15,11,60418681,60772758,Gain
CASE15,16,14469642,14922578,LOH
CASE15,19,446769,568560,Loss
CASE15,7,88595928,88827135,Gain
CASE15,18,25511443,26189846,Loss
CASE15,6,117805204,118503024,Gain
CASE15,20,35689546,36126966,LOH
CASE15,20,14586364,15089200,Gain
CASE15,15,75020391,75694127,Loss
CASE15,10,85785367,86457580,LOH
CASE15,18,76092610,76117153,LOH
CASE15,20,30914451,31056617,Loss
CASE15,8,109430562,109887502,Loss
CASE15,3,152870050,153064923,Loss
CASE15,11,45540038,45661476,Gain
CASE15,22,43195314,43954373,Loss
CASE15,2,160991492,161933816,Gain
CASE15,11,62297951,62567383,Loss
CASE15,22,39413389,39637912,Loss
CASE15,Y,28777307,29417943,Gain
CASE15,22,47753872,48169685,Loss
CASE15,20,9511265,10346809,Gain
CASE15,16,33903174,34114902,LOH
CASE15,20,9239293,9418891,Gain
CASE15,12,101416141,101809250,Loss
CASE15,Y,27149885,27788070,Loss
CASE15,15,71375611,72060164,Loss
CASE15,19,23003028,23534203,Gain
CASE15,19,4349428,4593746,LOH
CASE15,12,36215278,36872001,Loss
CASE15,5,78315517,78486085,LOH
CASE15,7,14564929,14872161,Loss
CASE15,18,2277631,3041006,LOH
CASE15,6,119483609,120041310,Gain
CASE15,17,71670666,71985194,Loss
CASE15,X,92641775,92844385,Gain
CASE15,15,79951595,80744372,Gain
CASE15,Y,2090686,2132133,LOH
CASE15,5,105769583,106467131,Loss
CASE15,10,124185119,124750682,LOH
CASE15,6,125846306,126218094,Loss
CASE15,7,67540775,67584125,LOH
CASE15,19,1843497,2549380,Loss
CASE15,X,5639770,6028052,Loss
CASE15,19,15885338,16162159,LOH
CASE15,22,46840951,47089996,Gain
CASE15,14,64093333,64302620,LOH
CASE15,22,47755403,48384854,Loss
CASE15,1,155980001,156073923,LOH
CASE15,9,98018539,98263638,Gain
CASE15,14,19910451,20351143,LOH
CASE15,9,41959228,42837519,Gain
CASE15,1,161178856,161633088,Gain
CASE15,5,126187185,126833224,LOH
CASE15,8,63451361,63609740,Loss
CASE15,17,35740857,36109173,Gain
CASE15,21,18648591,19166983,Gain
CASE15,14,7742413,8438098,Gain
CASE15,21,531511,543711,Loss
CASE15,18,20498658,20663442,Gain
CASE15,11,39347674,39955278,Loss
CASE15,7,49440960,49764533,LOH
CASE15,22,23003672,23043602,LOH
CASE15,2,161907546,162512038,Loss
CASE15,9,116315058,116727019,Gain
CASE15,1,69090099,69344565,LOH
CASE15,15,18730400,18958407,Loss
CASE15,18,37791982,38560118,Gain
CASE15,13,75370989,75918038,LOH
CASE15,13,50244140,50572801,Loss
CASE15,11,66188018,66577720,Gain
CASE15,14,10938654,11748226,Gain
CASE15,21,46301094,46944323,LOH
CASE15,1,215853067,216016011,Gain
CASE15,3,179126054,179523555,Loss
CASE15,2,232447385,232472884,LOH
CASE15,21,41380977,41801384,Loss
CASE15,22,32627446,32850352,LOH
CASE15,8,87655327,88224720,LOH
CASE15,12,91733308,92381842,Loss
CASE15,7,3877795,4753061,Loss
CASE15,20,47923727,48507081,Gain
CASE15,11,69774802,70685811,Loss
CASE15,17,40305101,41011524,LOH
CASE15,Y,5638335,6525444,Loss
CASE15,9,33581484,33742328,LOH
CASE15,12,99116817,100112076,Gain
CASE15,10,25082416,25778577,Gain
CASE15,12,5071768,5984264,Loss
CASE15,8,140397286,141271524,LOH
CASE15,6,74255886,75183061,Gain
CASE15,14,95180147,96106943,Gain
CASE15,9,52291325,52856967,Loss
CASE16,19,5513975,5802118,Gain
CASE16,20,7477202,8144976,LOH
CASE16,Y,1429992,1697094,Gain
CASE16,7,141458083,141618633,Gain
CASE16,21,31403584,31618118,Loss
CASE16,2,53852245,54180362,LOH
CASE16,13,45137318,45626897,Gain
CASE16,9,71980897,72808208,Loss
CASE16,10,41307851,41535849,Gain
CASE16,X,134792824,135128158,LOH
CASE16,14,17527907,17799748,Gain
CASE16,X,139108682,140060852,LOH
CASE16,7,87786098,88641215,LOH
CASE16,2,100780829,100819895,Loss
CASE16,10,121499918,121582295,Gain
CASE16,18,5675044,5953068,Loss
CASE16,1,53847793,54758396,LOH
CASE16,3,152396797,152575429,Loss
CASE16,8,12012538,12563150,Loss
CASE16,10,78413256,79098724,Gain
CASE16,3,183172491,184114136,Loss
CASE16,11,11296792,12204556,Loss
CASE16,10,17994671,18501170,LOH
CASE16,X,73502683,74121177,LOH
CASE16,2,103775478,104397191,Gain
CASE16,21,13207384,13860812,Gain
CASE16,20,43367536,43528056,Gain
CASE16,6,90234921,90720748,Gain
CASE16,18,71257726,71423982,Gain
CASE16,6,170164914,170896993,Gain
CASE16,10,43658685,43751157,Gain
CASE16,15,56060268,56741448,Loss
CASE16,12,100725911,100821902,Loss
CASE16,X,96538369,97233112,Gain
CASE16,4,40937465,41240159,Loss
CASE16,18,37363270,37966011,LOH
CASE16,9,11539589,12240565,Gain
CASE16,6,1955915,1995486,Gain
CASE16,10,103662253,104030482,LOH
CASE16,18,16117968,16441449,Loss
CASE16,3,108071138,108242142,LOH
CASE16,5,67396773,67890076,LOH
CASE16,21,31565908,32097441,Loss
CASE16,12,62774061,63708831,Gain
CASE16,9,120803724,121157954,Gain
CASE16,8,128261279,128944158,LOH
CASE16,2,131425017,131857867,LOH
CASE16,19,34941775,35314911,LOH
CASE16,5,125342422,125477885,LOH
CASE16,14,20590643,21588687,Loss
CASE16,14,82467480,82807474,Loss
CASE16,1,238881225,239686609,LOH
CASE16,17,30063845,30956580,Loss
CASE16,19,44413977,44820856,LOH
CASE16,3,181698676,182349349,Loss
CASE16,X,151478341,151497009,Gain
CASE16,17,73233653,74114444,LOH
CASE16,9,128543173,129506461,Loss
CASE16,2,70813468,71224872,Gain
CASE16,10,80370913,80851243,LOH
CASE16,Y,15654078,15950699,Gain
CASE16,22,25963446,26589826,Loss
CASE16,20,19426887,19475236,LOH
CASE16,17,67335499,68210148,Gain
CASE16,6,70712224,71675760,LOH
CASE16,Y,12645664,13330668,Loss
CASE16,6,149013923,149579111,Gain
CASE16,11,129287693,129612320,Gain
CASE16,10,89182777,89359681,Gain
CASE16,Y,2575022,3399862,LOH
CASE16,4,65121258,65178108,Gain
CASE16,15,24192703,25149350,LOH
CASE16,11,110020394,110854023,LOH
CASE16,4,118050753,118152529,Gain
CASE16,5,178250066,178562037,Loss
CASE16,6,53875370,54441254,LOH
CASE16,3,59268358,60211487,LOH
CASE16,22,7882705,8365611,LOH
CASE16,16,20556105,21115913,LOH
CASE16,15,20147903,20383250,LOH
CASE16,6,13661362,14120026,LOH
CASE16,5,105228058,105488329,Loss
CASE16,12,103781366,104534793,Loss
CASE16,2,60744890,61616007,LOH
CASE16,11,118542330,119525978,Gain
CASE16,10,61639372,62049917,LOH
CASE16,7,111826659,112785925,Loss
CASE16,9,69825280,70569507,LOH
CASE16,10,56221376,57084770,LOH
CASE16,4,31995579,32056863,Gain
CASE16,1,194018693,194517889,LOH
CASE16,13,560362,1415801,Gain
CASE16,19,52267121,52653472,Loss
CASE16,9,114220400,114922291,Gain
CASE16,6,32997169,33694158,Gain
CASE16,14,80348053,80927966,LOH
CASE16,20,28659003,29272204,LOH
CASE16,X,129360232,129670807,LOH
CASE16,20,2047342,2714371,Loss
CASE16,20,37335979,37845647,LOH
CASE16,17,51898348,52377156,LOH
CASE17,12,77269352,77813367,Gain
CASE17,6,63936374,64367685,LOH
CASE17,18,17545380,17997683,LOH
CASE17,22,23101907,23471695,Loss
CASE17,13,14842645,15801181,Loss
CASE17,4,116952406,117305473,LOH
CASE17,12,26503390,26664220,Gain
CASE17,9,29561334,30316643,Gain
CASE17,4,96281683,96684985,LOH
CASE17,2,57822677,58502119,Loss
CASE17,2,113823811,114576795,LOH
CASE17,7,115475349,115535749,LOH
CASE17,X,52891424,53581487,LOH
CASE17,15,50741599,51595222,LOH
CASE17,2,43301103,44159346,LOH
CASE17,17,72672113,72898781,LOH
CASE17,1,238243896,238304463,Loss
CASE17,6,88740702,89624873,Loss
CASE17,14,63650990,64023378,Loss
CASE17,21,6376538,6820926,Loss
CASE17,22,43798017,44423195,Loss
CASE17,16,2543153,3007015,LOH
CASE17,18,63058523,63670661,Loss
CASE17,10,14877641,14966127,LOH
CASE17,4,96981332,97673129,Gain
CASE17,6,114613523,114669489,Loss
CASE17,11,76641609,76829899,LOH
CASE17,4,73338567,74285716,Gain
CASE17,7,92612100,92897333,Loss
CASE17,1,65868823,66313608,Loss
CASE17,11,64927629,65416358,LOH
CASE17,15,64029157,64372556,LOH
CASE17,16,48672961,48933315,Gain
CASE17,10,108450231,109419850,Gain
CASE17,14,20847554,21701394,Loss
CASE17,17,58976058,59653452,Loss
CASE17,21,15060740,15761238,Loss
CASE17,20,52921650,53839698,Gain
CASE17,3,137927783,138114566,LOH
CASE17,2,22261752,22913837,Gain
CASE17,10,34606418,34767655,Loss
CASE17,X,105909029,106636083,Gain
CASE17,7,9938025,10688627,Gain
CASE17,10,132162975,133144146,LOH
CASE17,8,8746368,9530485,Gain
CASE17,18,43339310,43595176,Loss
CASE17,5,85966359,86083754,LOH
CASE17,10,21708597,22350391,LOH
CASE17,14,54328309,54799591,Gain
CASE17,21,28592310,28760299,Loss
CASE17,2,3042288,3660064,LOH
CASE17,2,156770037,157236942,Gain
CASE17,X,99531849,99713141,Gain
CASE17,12,15663314,15717840,LOH
CASE17,21,5517543,5554734,LOH
CASE17,10,99752810,100741668,Gain
CASE17,7,111586090,112337966,Gain
CASE17,14,83646627,84248624,Loss
CASE17,8,144132164,144152242,LOH
CASE17,11,71239188,72197895,LOH
CASE17,19,51359967,52310628,Gain
CASE17,15,30896962,31450404,Loss
CASE17,17,4149855,4929093,LOH
CASE17,4,110507500,110981155,Loss
CASE17,19,21059887,21253981,Loss
CASE17,14,4556725,4579049,Gain
CASE17,1,117091486,117670074,LOH
CASE17,5,177685586,178009653,LOH
CASE17,1,81796119,81895010,Loss
CASE17,9,8397966,8694897,Loss
CASE17,17,59348348,59585808,Gain
CASE17,6,35922834,36073435,LOH
CASE17,5,38583165,39571233,Loss
CASE17,Y,32792440,33292046,Loss
CASE17,7,127775592,127924848,Loss
CASE17,7,143927786,143974050,Gain
CASE17,15,34880008,35496743,Gain
CASE17,14,66758637,67125133,LOH
CASE17,Y,50708727,50824866,Loss
CASE17,15,60569962,60944904,Gain
CASE17,19,22994997,23495981,Loss
CASE17,20,50707416,51448079,LOH
CASE17,14,103012614,103450947,LOH
CASE17,1,202653002,203055687,LOH
CASE17,6,57285105,57825761,LOH
CASE17,4,141454300,142032378,LOH
CASE17,14,12049056,12971645,LOH
CASE17,6,35879485,36728443,Loss
CASE17,7,18821738,19301764,Loss
CASE17,9,67799522,68220943,Loss
CASE17,Y,42290948,42749040,LOH
CASE17,15,20589227,21166535,Gain
CASE17,21,4755538,4994687,LOH
CASE17,20,57908594,58051078,LOH
CASE17,14,49248652,49763208,Loss
CASE17,Y,20130966,20273874,Loss
CASE17,20,25705857,26273873,Loss
CASE17,11,41541589,42063254,Gain
CASE17,11,106936605,107224807,Gain
CASE17,14,65556513,65795952,Loss
CASE17,11,61933086,62153278,LOH
CASE18,8,131460665,132205086,Loss
CASE18,7,92456960,92898730,Gain
CASE18,6,65447566,65851772,Loss
CASE18,22,1609697,2155498,Gain
CASE18,5,68127070,69075704,Loss
CASE18,10,101586552,101988936,LOH
CASE18,8,92178164,92792881,Gain
CASE18,6,94430630,95084292,Loss
CASE18,19,19411596,19916654,Gain
CASE18,18,11955179,12045030,LOH
CASE18,3,143624371,144167091,Gain
CASE18,4,7400197,7599979,LOH
CASE18,6,88700101,89461584,LOH
CASE18,X,5025321,5592442,LOH
CASE18,10,8099318,8389786,LOH
CASE18,20,57007313,57612691,Loss
CASE18,Y,23327890,23462671,LOH
CASE18,21,36344138,36719044,Loss
CASE18,4,14774701,15596564,Gain
CASE18,6,148200655,149185841,LOH
CASE18,12,100221555,100294119,Gain
CASE18,3,1711553,1966116,LOH
CASE18,10,64444395,65279584,Loss
CASE18,22,30631000,31124624,LOH
CASE18,7,140785109,141073569,LOH
CASE18,10,105716426,106259032,Gain
CASE18,5,60298757,60480730,Gain
CASE18,17,61653413,61966177,Gain
CASE18,6,24281547,24751181,LOH
CASE18,12,94598476,95490910,Loss
CASE18,7,44103594,45019311,Loss
CASE18,1,58362403,59314411,Loss
CASE18,21,32427603,32738921,LOH
CASE18,1,152471025,152543000,Loss
CASE18,2,152039269,152384322,Loss
CASE18,9,22512365,23198364,Loss
CASE18,9,76941184,77420376,Gain
CASE18,8,71379820,71554212,Gain
CASE18,14,8608542,9468904,LOH
CASE18,12,8418853,8679010,Loss
CASE18,14,98403868,99175908,Loss
CASE18,8,133896226,134725640,Loss
CASE18,5,83713481,84169293,Loss
CASE18,2,218578693,219549480,LOH
CASE18,18,8603666,8728186,LOH
CASE18,5,31582623,31682499,Gain
CASE18,18,13263447,13732452,Loss
CASE18,Y,16862051,17818821,Gain
CASE18,12,114205969,114739843,Loss
CASE18,1,188089433,189022374,Loss
CASE18,4,187404811,187868817,Loss
CASE18,22,20593742,20902023,Loss
CASE18,10,63005391,63358365,Gain
CASE18,5,96522847,96831408,Loss
CASE18,21,2405896,2938618,Gain
CASE18,22,33723777,33845049,LOH
CASE18,17,8749719,9418403,Loss
CASE18,19,62983300,63035003,LOH
CASE18,7,55382540,55550404,LOH
CASE18,3,198379877,199229095,Loss
CASE18,3,117323807,118011075,LOH
CASE18,20,39401828,40073399,Loss
CASE18,X,95578538,96256210,Gain
CASE18,14,17758165,18385072,Loss
CASE18,1,70370925,71048667,Loss
CASE18,12,61608230,62240936,Gain
CASE18,17,65351693,65654141,Loss
CASE18,21,17693886,18426979,Loss
CASE18,6,123993644,124155401,Loss
CASE18,19,18789251,19411061,Gain
CASE18,17,3126038,3912380,Gain
CASE18,11,105616005,105723642,LOH
CASE18,X,148907125,148936892,Loss
CASE18,8,85735267,86019846,Gain
CASE18,15,52094816,52846173,LOH
CASE18,12,11885184,12337755,Loss
CASE18,13,56076225,56428176,Gain
CASE18,12,125318808,125788343,Gain
CASE18,16,21150524,21806187,Loss
CASE18,8,57962722,58139600,Loss
CASE18,22,6598991,7167267,Loss
CASE18,16,77085843,77463185,LOH
CASE18,Y,29216184,29762286,Gain
CASE18,20,62097852,62414368,Gain
CASE18,X,50760822,51626015,LOH
CASE18,17,63661116,63772807,Loss
CASE18,5,19475368,19538569,Loss
CASE18,18,23881562,24121734,Loss
CASE18,14,29926443,30240375,Loss
CASE18,X,130775648,131737459,Gain
CASE18,3,114034540,114651873,LOH
CASE18,19,62154205,62952177,LOH
CASE18,19,60457979,60587996,LOH
CASE18,9,93156543,93360898,Loss
CASE18,12,13055196,13445193,LOH
CASE18,20,2323579,2955257,Loss
CASE18,17,6068652,6325791,Gain
CASE18,7,30003497,30293900,Loss
CASE18,2,85453068,86037711,Gain
CASE18,22,17068824,17451549,Loss
CASE18,16,76397027,76442317,Gain
CASE19,Y,47938284,48714786,LOH
CASE19,12,71464884,71969553,Gain
CASE19,12,75408666,75993293,Loss
CASE19,18,57313107,57677140,LOH
CASE19,5,130260657,131133261,LOH
CASE19,19,11889443,12782621,LOH
CASE19,3,11184309,11656719,Loss
CASE19,12,15064020,15654216,Loss
CASE19,13,3374426,4296010,LOH
CASE19,8,131853931,132169658,LOH
CASE19,18,33214786,34062808,Loss
CASE19,18,60767682,60801754,Gain
CASE19,12,125661867,126640366,LOH
CASE19,7,127709191,128684030,Loss
CASE19,3,137266012,137382838,Gain
CASE19,6,32936273,33038360,Gain
CASE19,12,74263742,74939318,LOH
CASE19,21,29238741,29444707,LOH
CASE19,7,13850338,14710527,Loss
CASE19,22,23020679,23930570,LOH
CASE19,3,111948645,112361879,LOH
CASE19,6,167025554,167970444,Gain
CASE19,5,66062958,66591481,Gain
CASE19,16,81041948,81343668,Loss
CASE19,22,2006391,2655479,Gain
CASE19,6,112752645,113694287,Gain
CASE19,8,134134574,134762665,Loss
CASE19,3,108330517,109163667,Gain
CASE19,15,100286028,100338915,LOH
CASE19,18,58997279,59236659,LOH
CASE19,12,30469208,30582828,LOH
CASE19,8,71747029,72471159,Gain
CASE19,20,30195675,31192432,LOH
CASE19,X,38030942,38193576,Loss
CASE19,21,12277467,12355382,Loss
CASE19,22,15346666,16029483,LOH
CASE19,20,49369280,49527524,Loss
CASE19,4,135160764,136097916,Loss
CASE19,18,49796033,50694979,LOH
CASE19,10,89189715,89995455,LOH
CASE19,3,22743037,22823178,LOH
CASE19,14,67809850,68484161,Loss
CASE19,4,168026117,168730520,LOH
CASE19,9,21161812,21843519,Loss
CASE19,7,126053551,126876429,LOH
CASE19,13,104216797,104736591,LOH
CASE19,19,59709740,60041237,Gain
CASE19,2,169691829,170656598,LOH
CASE19,16,87313513,88109828,LOH
CASE19,19,36296263,37135421,Loss
CASE19,5,65437184,66399781,LOH
CASE19,15,43221520,43661613,Loss
CASE19,6,16306461,16864824,Loss
CASE19,3,197127252,197955409,Loss
CASE19,22,6050857,6763366,LOH
CASE19,Y,30366840,31051374,Gain
CASE19,18,16145812,16873956,LOH
CASE19,1,203138358,203743128,LOH
CASE19,1,91836488,92440691,Loss
CASE19,Y,47515081,48244201,LOH
CASE19,20,37697172,38525790,Loss
CASE19,8,20675903,21380829,LOH
CASE19,10,131562691,132266396,Gain
CASE19,12,32843716,33811174,Gain
CASE19,7,83046234,83644954,Loss
CASE19,19,17716068,17732956,LOH
CASE19,7,61558045,61656491,Loss
CASE19,22,34701255,35580122,Gain
CASE19,8,63877099,63990479,Gain
CASE19,15,43339662,44332943,LOH
CASE19,8,50776438,51379270,Loss
CASE19,6,144765393,145485681,Loss
CASE19,3,63338689,63391166,Gain
CASE19,15,55096232,56020377,Gain
CASE19,12,31642972,31722808,LOH
CASE19,17,46968653,47041941,LOH
CASE19,22,30665572,31345744,Loss
CASE19,5,71997035,72081629,Gain
CASE19,3,189282729,189656768,LOH
CASE19,9,30671062,31457253,LOH
CASE19,20,60928135,61668913,Gain
CASE19,15,91259860,91314839,Gain
CASE19,X,120404019,120697427,LOH
CASE19,13,68833489,69606997,Loss
CASE19,3,34901316,35161573,LOH
CASE19,10,23666137,24018645,Gain
CASE19,22,22669121,23551607,Loss
CASE19,21,10361019,11159426,LOH
CASE19,17,77480807,78352455,LOH
CASE19,6,134880025,134935673,LOH
CASE19,12,116853400,117526652,LOH
CASE19,Y,18556403,19133142,LOH
CASE19,16,76822332,76970660,LOH
CASE19,14,34550971,35091823,Loss
CASE19,3,20906654,21304232,Loss
CASE19,20,4931410,5629466,Loss
CASE19,19,39483872,39659586,Gain
CASE19,10,115117713,115669919,Gain
CASE19,3,75319237,76079095,LOH
CASE19,2,43490140,43922252,Gain
CASE19,9,124756990,125405839,LOH
CASE18,4,3014887,3351217,Gain
CASE6,4,2978087,3349363,Gain
CASE19,4,2977205,3295724,Gain
CASE8,4,3001447,3327670,Gain
CASE16,4,2991818,3390401,Gain
CASE9,4,2966123,3383184,Gain
CASE10,4,2979022,3344304,Gain
CASE17,4,3006525,3348964,Gain
CASE11,4,3006087,3339107,Gain
CASE2,4,2967790,3340236,Gain
CASE4,4,2927669,3347345,Gain
CASE3,4,3022867,3390316,Gain
CASE7,4,3004968,3366989,Gain
CASE12,4,2977707,3373089,Gain
CASE13,4,3010218,3343168,Gain
CASE20,4,2992791,3313232,Gain
CASE14,4,2952599,3302695,Gain
CASE8,17,41663728,41784968,Gain
CASE13,17,41646122,41793856,Gain
CASE5,17,41615953,41806860,Gain
CASE9,17,41635341,41808669,Gain
CASE2,17,41654723,41806070,Gain
CASE14,17,41612052,41794755,Gain
CASE19,17,41623026,41823875,Gain
CASE11,17,41632921,41839702,Gain
CASE7,17,41615944,41836345,Gain
CASE12,17,41606120,41828960,Gain
CASE6,17,41575553,41804875,Gain
CASE16,17,41647244,41866111,Gain
CASE15,17,41660383,41868457,Gain
CASE4,17,41601269,41868334,Gain
CASE18,17,41602786,41883364,Gain
CASE10,17,41581598,41824179,Gain
CASE17,17,41613549,41831531,Gain
CASE12,18,4665260,5218271,Loss
CASE3,18,4663456,5189734,Loss
CASE18,18,4624212,5186021,Loss
CASE9,18,4630588,5160416,Loss
CASE20,18,4600869,5167122,Loss
CASE15,18,4633685,5241753,Loss
CASE8,18,4674757,5167475,Loss
CASE10,18,4628049,5252587,Loss
CASE11,18,4652301,5218880,Loss
CASE6,18,4634899,5192462,Loss
CASE5,18,4615168,5190816,Loss
CASE4,18,4674746,5189512,Loss
CASE19,18,4673773,5177441,Loss
CASE7,18,4614593,5188784,Loss
CASE17,18,4638226,5253017,Loss
CASE13,18,4665822,5186276,Loss
CASE2,18,4698750,5206198,Loss
